"SlNo","ProductName",Store,MRP,"SellingPrice",Discount,"PriceChange","StockStatus",SKU,"ProductURL",Brand,Category,"SubCategory",Offers,Cashback,"ShippingTime","ShippingCharges",Warranty,"CrawlTime",Size,Rating,Reviews,Images,"ImageCount","ImageResolution"
1141340,"Youth Code Day/Night Cream - Smoothing Face Cream - L'Oreal Paris",LorealParisusa-US,24.99,24.99,0,0,"In Stock",,http://www.lorealparisusa.com/en/Products/Skin-Care/Moisturizers/Youth-Code-Skin-Recharger-Day-Night-Cream.aspx,L'Oreal,"Skin Care",Moisturizers,,,,,,"4th Mar 2015 01:55:33",,4.5,125,"http://www.lorealparisusa.com/~/media/Images/LOP/Home/Products/Skin-Care/Moisturizers/Youth-Code-Day-Night-Cream/Day-Night-Cream/SK25_1_pack-shot_NEW.jpg, http://www.lorealparisusa.com/~/media/Images/LOP/Home/Products/Skin-Care/Moisturizers/Youth-Code-Day-Night-Cream/Day-Night-Cream/SK25_1_pack-shot_NEW.jpg , http://www.lorealparisusa.com/~/media/Images/LOP/Home/Products/Skin-Care/Moisturizers/Youth-Code-Day-Night-Cream/Day-Night-Cream/SK25_1_pack-shot_old.jpg",3,"300x300,300x300,300x300"
1141340,"L'oreal Paris Youth Code Day/Night Cream, Anti-Aging products from Face, Skin Care",CVS-US,24.99,24.99,0,0,"In Stock",,http://www.cvs.com/shop/skin-care/face/anti-aging/l-oreal-paris-youth-code-day-night-cream-skuid-826921,L'Oreal,"Skin Care",Moisturizers,,,,"FREE Shipping Eligible",,"4th Mar 2015 01:38:56","1.6 OZ",4.6,,http://www.cvs.com/bizcontent/merchandising/productimages/small/7124918701.jpg,1,177x224
1141340,"L'Oreal Paris Youth Code Day/Night Cream, 1.7 Fluid Ounce",Amazon-US,19.99,19.97,0.1,0,"In Stock",,http://www.amazon.com/LOreal-Paris-Youth-Night-Cream/dp/B0047F71SS,L'Oreal,"Skin Care",Moisturizers,,,,,,"4th Mar 2015 05:03:10","1.7 oz.",4.3,205,"http://ecx.images-amazon.com/images/I/41kW7pmd46L._SL190_SY246_CR0, 0, 190, 246_.jpg, http://ecx.images-amazon.com/images/I/41kW7pmd46L.jpg, http://ecx.images-amazon.com/images/I/51%2Bw%2Bid-01L.jpg, http://ecx.images-amazon.com/images/I/51671QdJXtL.jpg, http://ecx.images-amazon.com/images/I/51aMtPynouL.jpg, http://ecx.images-amazon.com/images/I/51WldOvuZzL.jpg, http://ecx.images-amazon.com/images/I/41O4ftDSVLL.jpg",7,"1500x1348,1500x1348,1500x1348,1500x1348,1500x1348,1500x1348,1500x1348"
1141340,"""L'Oreal"" L'Oreal Youth Code Day/Night Cream",Walmart-US,19.97,19.97,0,0,"In Stock",,http://www.walmart.com/ip/L-Oreal-Youth-Code-Day-Night-Cream/15270271,L'Oreal,"Skin Care",Moisturizers,,,,50,,"3rd Mar 2015 01:58:16",,4.5,226,http://i5.walmartimages.com/dfw/dce07b8c-3ed3/k2-_c478de14-c3f1-49a4-b707-e9ab4ef5fbbc.v1.jpg,1,450x450
1141341,"Age Perfect Hydra-Nutrition Day/Night Cream - Skin care - L'Oreal Paris",LorealParisusa-US,17.99,17.99,0,0,"In Stock",,http://www.lorealparisusa.com/en/Products/Skin-Care/Moisturizers/Age-Perfect-Hydra-Nutrition-Day-Night-Cream.aspx,L'Oreal,"Skin Care",Moisturizers,,,,,,"4th Mar 2015 01:55:53",,3.9,21,"http://www.lorealparisusa.com/~/media/Images/LOP/Home/Products/Skin-Care/Moisturizers/Age-Perfect-Hydra-Nutrition-Day-Night-Cream/Hydra-Nutrition-Day-Night-Cream/SK4_9_pack-shot.jpg, http://www.lorealparisusa.com/~/media/Images/LOP/Home/Products/Skin-Care/Moisturizers/Age-Perfect-Hydra-Nutrition-Day-Night-Cream/Hydra-Nutrition-Day-Night-Cream/SK4_9_pack-shot.jpg",2,"300x300,300x300"
1141341,"L'Oreal Paris Age Perfect Hydra-Nutrition Moisturizer, 1.7-Fluid Ounce",Amazon-US,13.99,10.95,21.73,-26.39,"In Stock",,http://www.amazon.com/LOreal-Paris-Hydra-Nutrition-Moisturizer-1-7-Fluid/dp/B002PBHQP4,L'Oreal,"Skin Care",Moisturizers,,,,5.00,,"4th Mar 2015 05:00:51","1.7 oz.",4.1,109,"http://ecx.images-amazon.com/images/I/71GJLZu2XkL._SL1500_.jpg, http://ecx.images-amazon.com/images/I/41ZZJhCUyrL.jpg, http://ecx.images-amazon.com/images/I/519-HoidhKL.jpg, http://ecx.images-amazon.com/images/I/51HuU-t31DL.jpg, http://ecx.images-amazon.com/images/I/51EjCV99f9L.jpg, http://ecx.images-amazon.com/images/I/41o1Ew5LQqL.jpg",6,"1500x1185,500x395,413x500,459x500,400x500,407x500"
1141342,"Futur•e ® Moisturizer SPF 15 Normal to Dry Skin - Moisturizers By L'Oreal Paris",LorealParisusa-US,11.99,11.99,0,0,"In Stock",,http://www.lorealparisusa.com/en/Products/Skin-Care/Moisturizers/Future-Moisturizer-SPF-15-Normal-to-Dry-Skin.aspx,L'Oreal,"Skin Care",Moisturizers,,,,,,"4th Mar 2015 01:56:42",,4.83,6,"http://www.lorealparisusa.com/~/media/Images/LOP/Home/Products/Skin-Care/Moisturizers/Future-Moisturizer-SPF-15-Normal-to-Dry-Skin/Moisturizer-SPF-15-Normal-to-Dry-Skin/SK8_1_pack-shot.jpg, http://www.lorealparisusa.com/~/media/Images/LOP/Home/Products/Skin-Care/Moisturizers/Future-Moisturizer-SPF-15-Normal-to-Dry-Skin/Moisturizer-SPF-15-Normal-to-Dry-Skin/SK8_1_pack-shot.jpg",2,"300x300,300x300"
1141342,"L'Oreal Paris Futur-e Moisturizer SPF 15, Normal to Dry Skin, 4.0 Fluid Ounce",Amazon-US,11.49,10.27,10.62,0,"In Stock",,http://www.amazon.com/LOreal-Paris-Futur-e-Moisturizer-Normal/dp/B009X62WM6,L'Oreal,"Skin Care",Moisturizers,,,,,,"4th Mar 2015 05:02:56","4.0 oz.",4.6,29,"http://ecx.images-amazon.com/images/I/31sf64sjR9L._SL246_SX190_CR0, 0, 190, 246_.jpg, http://ecx.images-amazon.com/images/I/31sf64sjR9L.jpg, http://ecx.images-amazon.com/images/I/31Ms%2BdxoVxL.jpg, http://ecx.images-amazon.com/images/I/41fp9MQkr7L.jpg, http://ecx.images-amazon.com/images/I/41juwg4e0xL.jpg, http://ecx.images-amazon.com/images/I/31Hon1FvQfL.jpg, http://ecx.images-amazon.com/images/I/31KRtLXwb4L.jpg",7,"536x1500,536x1500,536x1500,536x1500,536x1500,536x1500,536x1500"
1141342,"""L'Oreal Paris"" L'Oreal Paris Future-E Moisturizer, 4 fl oz",Walmart-US,10.27,10.27,0,0,"In Stock",,http://www.walmart.com/ip/L-Oreal-Paris-Future-E-Moisturizer-4-fl-oz/22583009,L'Oreal,"Skin Care",Moisturizers,,,,50,,"3rd Mar 2015 01:59:01",,5.0,8,http://i.walmartimages.com/i/p/00/07/12/49/23/0007124923294_180X180.jpg,1,450x450
1141343,"RevitaLift Anti-Wrinkle + Firming Eye Cream - Eye Lift Cream - L'Oreal Paris",LorealParisusa-US,17.99,17.99,0,0,"In Stock",,http://www.lorealparisusa.com/en/Products/Skin-Care/Moisturizers/RevitaLift-Anti-Wrinkle-Firming-Eye-Cream.aspx,L'Oreal,"Skin Care",Moisturizers,,,,,,"4th Mar 2015 02:00:41",,4.44,9,"http://www.lorealparisusa.com/~/media/Images/LOP/Home/Products/Skin-Care/Moisturizers/RevitaLift-Anti-Wrinkle-Firming-Eye-Cream/Anti-Wrinkle-Firming-Eye-Cream/SK3_6_pack-shot.jpg, http://www.lorealparisusa.com/~/media/Images/LOP/Home/Products/Skin-Care/Moisturizers/RevitaLift-Anti-Wrinkle-Firming-Eye-Cream/Anti-Wrinkle-Firming-Eye-Cream/SK3_6_pack-shot.jpg",2,"300x300,300x300"
1141343,"L'Oreal Paris RevitaLift Anti-Wrinkle + Firming Eye Cream, 0.5 Fluid Ounce",Amazon-US,13.99,13.97,0.14,38.65,"In Stock",,http://www.amazon.com/LOreal-Paris-RevitaLift-Anti-Wrinkle-Firming/dp/B000KOLXKM,L'Oreal,"Skin Care",Moisturizers,,,,3.25,,"4th Mar 2015 05:02:19","0.5 oz",4.3,87,"http://ecx.images-amazon.com/images/I/51urjHEltoL._SL1135_.jpg, http://ecx.images-amazon.com/images/I/313bq6RAxNL.jpg, http://ecx.images-amazon.com/images/I/41Ihjvbg0tL.jpg, http://ecx.images-amazon.com/images/I/517OGfju59L.jpg, http://ecx.images-amazon.com/images/I/41FlX4mDiuL.jpg, http://ecx.images-amazon.com/images/I/31Iqkaep4zL.jpg",6,"1135x1121,500x494,251x500,258x500,220x500,204x500"
1141344,"Ideal Moisture™ Even Skin Tone Normal Skin Day Lotion - Moisturizers By L'Oreal Paris",LorealParisusa-US,6.99,6.99,0,0,"In Stock",,http://www.lorealparisusa.com/en/Products/Skin-Care/Moisturizers/Ideal-Moisture-Even-Tone-Normal-Skin-Day-Lotion.aspx,L'Oreal,"Skin Care",Moisturizers,,,,,,"4th Mar 2015 01:56:10",,5,3,"http://www.lorealparisusa.com/~/media/Images/LOP/Home/Products/Skin-Care/Moisturizers/Ideal-Moisture-Even-Tone-Normal-Skin-Day-Lotion/Even-Tone-Normal-Skin-Day-Lotion/SK28_5_pack-shot.jpg, http://www.lorealparisusa.com/~/media/Images/LOP/Home/Products/Skin-Care/Moisturizers/Ideal-Moisture-Even-Tone-Normal-Skin-Day-Lotion/Even-Tone-Normal-Skin-Day-Lotion/SK28_5_pack-shot.jpg",2,"300x300,300x300"
1141344,"L'Oreal Ideal Moisture 48 HR Hydration Normal Skin Day Lotion, Face Moisturizer products from Face, Skin Care",CVS-US,6.99,6.99,0,0,"In Stock",,http://www.cvs.com/shop/skin-care/face/face-moisturizer/l-oreal-ideal-moisture-48-hr-hydration-normal-skin-day-lotion-skuid-908898,L'Oreal,"Skin Care",Moisturizers,,,,"FREE Shipping Eligible",,"4th Mar 2015 01:39:01","4 OZ",5.0,,http://www.cvs.com/bizcontent/merchandising/productimages/small/7124923981.jpg,1,224x224
1141345,"Revitalift Daily Volumizing Moisturizer - L'Oréal Paris",LorealParisusa-US,24.99,24.99,0,0,"In Stock",,http://www.lorealparisusa.com/en/Products/Skin-Care/Moisturizers/Revitalift-Daily-Volumizing-Moisturizer.aspx,L'Oreal,"Skin Care",Moisturizers,,,,,,"4th Mar 2015 01:56:30",,5,3,"http://www.lorealparisusa.com/~/media/Images/LOP/Home/Products/Skin-Care/Moisturizers/RevitaLift-Daily-Volumizing-Moisturizer/Daily-Volumizing-Moisturizer/SK3_34_pack-shot.jpg, http://www.lorealparisusa.com/~/media/Images/LOP/Home/Products/Skin-Care/Moisturizers/RevitaLift-Daily-Volumizing-Moisturizer/Daily-Volumizing-Moisturizer/SK3_34_pack-shot.jpg , http://www.lorealparisusa.com/~/media/Images/LOP/Home/Products/Skin-Care/Moisturizers/RevitaLift-Daily-Volumizing-Moisturizer/Daily-Volumizing-Moisturizer/SK3_34_pack-shot2.jpg , http://www.lorealparisusa.com/~/media/Images/LOP/Home/Products/Skin-Care/Moisturizers/RevitaLift-Daily-Volumizing-Moisturizer/Daily-Volumizing-Moisturizer/SK3_34_pack-shot3.jpg , http://www.lorealparisusa.com/~/media/Images/LOP/Home/Products/Skin-Care/Moisturizers/RevitaLift-Daily-Volumizing-Moisturizer/Daily-Volumizing-Moisturizer/SK3_34_pack-shot4.jpg",5,"300x300,300x300,300x300,300x300,300x300"
1141345,"""L'Oreal Paris"" L'Oreal Paris Revitalift Daily Re-Volumizing Moisturizer for All Skin Types, 1.7 oz",Walmart-US,19.97,19.97,0,0,"In Stock",,http://www.walmart.com/ip/L-Oreal-Paris-Revitalift-Daily-Re-Volumizing-Moisturizer-for-All-Skin-Types-1.7-oz/41126437,L'Oreal,"Skin Care",Moisturizers,,,,50,,"3rd Mar 2015 01:58:13",,5.0,3,http://i5.walmartimages.com/dfw/dce07b8c-b509/k2-_e35421f6-b988-4a3b-b7f6-9e38f2b0f301.v2.jpg,1,450x450
1141345,"L'Oreal Paris Revitalift Daily Volumizing Moisturizer, 1.7 Ounce",Amazon-US,19.99,19.97,0.1,0,"In Stock",,http://www.amazon.com/LOreal-Paris-Revitalift-Re-Volatizing-Moisturizer/dp/B00PFEFHAY,L'Oreal,"Skin Care",Moisturizers,,,,,,"4th Mar 2015 05:00:17",,4.3,29,"http://ecx.images-amazon.com/images/I/51ev3EECXPL._SL190_SY246_CR0, 0, 190, 246_.jpg, http://ecx.images-amazon.com/images/I/51ev3EECXPL.jpg, http://ecx.images-amazon.com/images/I/51EchJXQ0eL.jpg, http://ecx.images-amazon.com/images/I/61VA6uWH5WL.jpg, http://ecx.images-amazon.com/images/I/51HosizkmcL.jpg, http://ecx.images-amazon.com/images/I/51diLLo5jZL.jpg, http://ecx.images-amazon.com/images/I/51s2Y7cX74L.jpg",7,"1346x1052,1346x1052,1346x1052,1346x1052,1346x1052,1346x1052,1346x1052"
1141345,"L'Oreal Revitalift Volume Filler Daily Re-Volumizing Moisturizer, Face Moisturizer products from Face, Skin Care",CVS-US,24.99,24.99,0,0,"In Stock",,http://www.cvs.com/shop/skin-care/face/face-moisturizer/l-oreal-revitalift-volume-filler-daily-re-volumizing-moisturizer-skuid-985217,L'Oreal,"Skin Care",Moisturizers,,,,,,"4th Mar 2015 01:39:49","1.7 OZ",,,http://www.cvs.com/bizcontent/merchandising/productimages/large/7124929178.jpg,1,224x224
1141346,"Active Daily Moisture Lotion - SPF Sunscreen Lotion - L'Oreal Paris",LorealParisusa-US,8.59,8.59,0,0,"In Stock",,http://www.lorealparisusa.com/en/Products/Skin-Care/Moisturizers/Active-Daily-Moisture-Lotion.aspx,L'Oreal,"Skin Care",Moisturizers,,,,,,"4th Mar 2015 01:55:28",,4.18,22,"http://www.lorealparisusa.com/~/media/Images/LOP/Home/Products/Skin-Care/Moisturizers/Active-Daily-Moisture-Lotion/Lotion/SK2_1_pack-shot.jpg, http://www.lorealparisusa.com/~/media/Images/LOP/Home/Products/Skin-Care/Moisturizers/Active-Daily-Moisture-Lotion/Lotion/SK2_1_pack-shot.jpg",2,"300x300,300x300"
1141346,"""L'Oreal"" L'Oreal Paris Active Daily Moisture Lotion, 4 fl oz",Walmart-US,6.97,6.97,0,0,"In Stock",,http://www.walmart.com/ip/L-Oreal-Paris-Active-Daily-Moisture-Lotion-4-fl-oz/22875640,L'Oreal,"Skin Care",Moisturizers,,,,50,,"3rd Mar 2015 01:58:04",,4.0,65,http://i5.walmartimages.com/dfw/dce07b8c-444b/k2-_a9962016-c447-4571-8568-5a930c7015a1.v1.jpg,1,450x450
1141346,"L'Oreal Paris Active Daily Moisture Lotion, 4.0 Fluid Ounce",Amazon-US,7.99,6.39,20.03,-6.42,"In Stock",,http://www.amazon.com/LOreal-Paris-Active-Moisture-Lotion/dp/B000NP7K1E,L'Oreal,"Skin Care",Moisturizers,,,,,,"4th Mar 2015 05:01:57","4.0 oz.",4.2,112,"http://ecx.images-amazon.com/images/I/31kL2t31MML._SL246_SX190_CR0, 0, 190, 246_.jpg, http://ecx.images-amazon.com/images/I/31kL2t31MML.jpg, http://ecx.images-amazon.com/images/I/31F3wuConuL.jpg, http://ecx.images-amazon.com/images/I/41lzCHx5sWL.jpg, http://ecx.images-amazon.com/images/I/41T9T4eI23L.jpg, http://ecx.images-amazon.com/images/I/51wntSws65L.jpg, http://ecx.images-amazon.com/images/I/41HC5UGAxKL.jpg",7,"661x1500,661x1500,661x1500,661x1500,661x1500,661x1500,661x1500"
1141347,"RevitaLift Anti-Wrinkle + Firming Night Cream - Rejuvenate Skin - L'Oreal Paris",LorealParisusa-US,17.99,17.99,0,0,"In Stock",,http://www.lorealparisusa.com/en/Products/Skin-Care/Moisturizers/RevitaLift-Anti-Wrinkle-Firming-Night-Cream.aspx,L'Oreal,"Skin Care",Moisturizers,,,,,,"24th Feb 2015 09:00:58",,3.88,17,"http://www.lorealparisusa.com/~/media/Images/LOP/Home/Products/Skin-Care/Moisturizers/RevitaLift-Anti-Wrinkle-Firming-Night-Cream/Anti-Wrinkle-Firming-Night-Cream/SK3_5_pack-shot.jpg, http://www.lorealparisusa.com/~/media/Images/LOP/Home/Products/Skin-Care/Moisturizers/RevitaLift-Anti-Wrinkle-Firming-Night-Cream/Anti-Wrinkle-Firming-Night-Cream/SK3_5_pack-shot.jpg",2,"300x300,300x300"
1141348,"Men's Expert Hydra-Energetic Ice Cold Eye Roller - L'Oreal Paris",LorealParisusa-US,10.99,10.99,0,0,"In Stock",,http://www.lorealparisusa.com/en/Products/Skin-Care/Moisturizers/Mens-Expert-Hydra-Energetic-Ice-Cold-Eye-Roller.aspx,L'Oreal,"Skin Care",Moisturizers,,,,,,"4th Mar 2015 01:57:00",,4.86,7,"http://www.lorealparisusa.com/~/media/Images/LOP/Home/Products/Skin-Care/Moisturizers/Mens-Expert-Hydra-Energetic-Ice-Cold-Eye-Roller/Hydra-Energetic-Ice-Cold-Eye-Roller/SK12_14_pack-shot.jpg, http://www.lorealparisusa.com/~/media/Images/LOP/Home/Products/Skin-Care/Moisturizers/Mens-Expert-Hydra-Energetic-Ice-Cold-Eye-Roller/Hydra-Energetic-Ice-Cold-Eye-Roller/SK12_14_pack-shot.jpg",2,"300x300,300x300"
1141348,"L'Oreal Paris Men's Expert Hydra-Energetic Ice Cold Eye Roller, 0.33 Fluid Ounce",Amazon-US,7.49,7.49,0,0,"In Stock",,http://www.amazon.com/LOreal-Paris-Expert-Hydra-Energetic-Roller/dp/B003ZBK8EO,L'Oreal,"Skin Care",Moisturizers,,,,,,"4th Mar 2015 05:03:03","0.33 oz.",3.3,72,"http://ecx.images-amazon.com/images/I/316IgVP2LnL._SL246_SX190_CR0, 0, 190, 246_.jpg, http://ecx.images-amazon.com/images/I/316IgVP2LnL.jpg, http://ecx.images-amazon.com/images/I/41Ni-Qfk3LL.jpg, http://ecx.images-amazon.com/images/I/41pTxC3M6mL.jpg, http://ecx.images-amazon.com/images/I/3193Ez4fckL.jpg, http://ecx.images-amazon.com/images/I/31eWnhDDDxL.jpg, http://ecx.images-amazon.com/images/I/21Q8RDvc87L.jpg",7,"309x1500,309x1500,309x1500,309x1500,309x1500,309x1500,309x1500"
1141349,"RevitaLift ® Miracle Blur Eye - Moisturizers By L'Oreal Paris",LorealParisusa-US,24.99,24.99,0,0,"In Stock",,http://www.lorealparisusa.com/en/Products/Skin-Care/Moisturizers/RevitaLift-Miracle-Blur-Eye.aspx,L'Oreal,"Skin Care",Moisturizers,,,,,,"4th Mar 2015 01:56:26",,3.93,27,"http://www.lorealparisusa.com/~/media/Images/LOP/Home/Products/Skin-Care/Moisturizers/RevitaLift-Miracle-Blur-Eye/Miracle-Blur-Eye/SK3_31_pack-shot.jpg, http://www.lorealparisusa.com/~/media/Images/LOP/Home/Products/Skin-Care/Moisturizers/RevitaLift-Miracle-Blur-Eye/Miracle-Blur-Eye/SK3_31_pack-shot.jpg",2,"300x300,300x300"
1141349,"""L'Oreal Paris"" L'Oreal Paris Revitalift Miracle Blur Eye Treatment, 0.5 fl oz",Walmart-US,19.97,19.97,0,0,"In Stock",,http://www.walmart.com/ip/L-Oreal-Paris-Revitalift-Miracle-Blur-Eye-Treatment-0.5-fl-oz/34208879,L'Oreal,"Skin Care",Moisturizers,,,,50,,"3rd Mar 2015 01:57:47",,4.0,25,http://i5.walmartimages.com/dfw/dce07b8c-b096/k2-_b8646bdb-285a-40ac-b63d-e14cbe3d6ad6.v1.jpg,1,450x450
1141349,"L'Oreal Revitalift Miracle Blur Instant Eye Smoothing Treatment, Serums & Treatments products from Face, Skin Care",CVS-US,24.99,24.99,0,0,"In Stock",,http://www.cvs.com/shop/skin-care/face/serums-treatments/l-oreal-revitalift-miracle-blur-instant-eye-smoothing-treatment-skuid-949447,L'Oreal,"Skin Care",Moisturizers,,,,,,"4th Mar 2015 01:40:25",".5 OZ",,,http://www.cvs.com/bizcontent/merchandising/productimages/large/7124926264.jpg,1,224x224
1141350,"RevitaLift Anti-Wrinkle + Firming Day Cream SPF 18 - L'Oreal Paris",LorealParisusa-US,17.99,17.99,0,0,"In Stock",,http://www.lorealparisusa.com/en/Products/Skin-Care/Moisturizers/RevitaLift-Anti-Wrinkle-Firming-Day-Cream-SPF-18.aspx,L'Oreal,"Skin Care",Moisturizers,,,,,,"4th Mar 2015 01:56:05",,4.44,18,"http://www.lorealparisusa.com/~/media/Images/LOP/Home/Products/Skin-Care/Moisturizers/RevitaLift-Anti-Wrinkle-Firming-Day-Cream-SPF-18/Anti-Wrinkle-Firming-Day-Cream-SPF-18/SK3_3_pack-shot.jpg, http://www.lorealparisusa.com/~/media/Images/LOP/Home/Products/Skin-Care/Moisturizers/RevitaLift-Anti-Wrinkle-Firming-Day-Cream-SPF-18/Anti-Wrinkle-Firming-Day-Cream-SPF-18/SK3_3_pack-shot.jpg",2,"300x300,300x300"
1141350,"L'Oreal Paris RevitaLift Anti-Wrinkle + Firming Day Cream SPF 18, 1.7 Fluid Ounce",Amazon-US,13.99,13.97,0.14,0,"In Stock",,http://www.amazon.com/LOreal-Paris-RevitaLift-Anti-Wrinkle-Firming/dp/B000KOLX7U,L'Oreal,"Skin Care",Moisturizers,,,,,,"4th Mar 2015 05:02:11",3.4-Ounces,4.3,96,"http://ecx.images-amazon.com/images/I/51PR7hy61VL._SL246_SX190_CR0, 0, 190, 246_.jpg, http://ecx.images-amazon.com/images/I/51svAP2AjbL.jpg, http://ecx.images-amazon.com/images/I/41VciFaxFuL.jpg, http://ecx.images-amazon.com/images/I/51BChoheuYL.jpg, http://ecx.images-amazon.com/images/I/51A3ox1d8SL.jpg, http://ecx.images-amazon.com/images/I/61Pq2f85MlL.jpg, http://ecx.images-amazon.com/images/I/615SDmQT1mL.jpg, http://ecx.images-amazon.com/images/I/31U6zo9YC2L.jpg",8,"1145x1500,1145x1500,1145x1500,1145x1500,1145x1500,1145x1500,1145x1500,1145x1500"
1141351,"Youth Code Dark Spot SPF 30 Day Cream - Evens Skin Tone - L'Oreal Paris",LorealParisusa-US,24.99,24.99,0,0,"In Stock",,http://www.lorealparisusa.com/en/Products/Skin-Care/Moisturizers/Youth-Code-Dark-Spot-SPF-30-Day-Cream.aspx,L'Oreal,"Skin Care",Moisturizers,,,,,,"4th Mar 2015 01:56:01",,3.07,15,"http://www.lorealparisusa.com/~/media/Images/LOP/Home/Products/Skin-Care/Moisturizers/Youth-Code-Dark-Spot-SPF-30-Day-Cream/Dark-Spot-SPF-30-Day-Cream/SK25_6_pack-shot.jpg, http://www.lorealparisusa.com/~/media/Images/LOP/Home/Products/Skin-Care/Moisturizers/Youth-Code-Dark-Spot-SPF-30-Day-Cream/Dark-Spot-SPF-30-Day-Cream/SK25_6_pack-shot.jpg",2,"300x300,300x300"
1141351,"L'Oreal Paris L'Oreal Youth Code Even Day Cream, SPF 30, 1.7 Ounce",Amazon-US,19.99,19.97,0.1,0,"In Stock",,http://www.amazon.com/LOreal-Youth-Code-Cream-Ounce/dp/B005H1525A,L'Oreal,"Skin Care",Moisturizers,,,,,,"4th Mar 2015 05:02:27","1.7 oz.",3.6,101,"http://ecx.images-amazon.com/images/I/511oK0OrYeL._SL246_SX190_CR0, 0, 190, 246_.jpg, http://ecx.images-amazon.com/images/I/511oK0OrYeL.jpg, http://ecx.images-amazon.com/images/I/51XKdF7yWuL.jpg, http://ecx.images-amazon.com/images/I/51TeaQsia%2BL.jpg, http://ecx.images-amazon.com/images/I/51vxx7jitjL.jpg, http://ecx.images-amazon.com/images/I/41cOQu6RQmL.jpg, http://ecx.images-amazon.com/images/I/316u43RDjpL.jpg",7,"1024x1500,1024x1500,1024x1500,1024x1500,1024x1500,1024x1500,1024x1500"
1141351,"L'Oreal Youth Code Dark Spot Correcting & Illuminating Skincare Day Cream, Dark Spots products from Face, Skin Care",CVS-US,24.99,24.99,0,0,"In Stock",,http://www.cvs.com/shop/skin-care/face/dark-spots/l-oreal-youth-code-dark-spot-correcting-illuminating-skincare-day-cream-skuid-870399,L'Oreal,"Skin Care",Moisturizers,,,,"FREE Shipping Eligible",,"4th Mar 2015 01:39:19","1.6 OZ",0.0,,http://www.cvs.com/bizcontent/merchandising/productimages/small/7124922079.jpg,1,183x224
1141352,"Youth Code Dark Spot Correcting & Illuminating Serum Corrector - L'Oreal Paris",LorealParisusa-US,24.99,24.99,0,0,"In Stock",,http://www.lorealparisusa.com/en/Products/Skin-Care/Treatments/Youth-Code-Dark-Spot-Correcting-Illuminating-Serum-Corrector.aspx,L'Oreal,"Skin Care",Treatments,,,,,,"4th Mar 2015 06:00:30",,3.73,44,"http://www.lorealparisusa.com/~/media/Images/LOP/Home/Products/Skin-Care/Treatments/Youth-Code-Dark-Spot-Correcting-Illuminating-Serum-Corrector/Dark-Spot-Correcting-Illuminating-Serum-Corrector/SK25_7_pack-shot.jpg, http://www.lorealparisusa.com/~/media/Images/LOP/Home/Products/Skin-Care/Treatments/Youth-Code-Dark-Spot-Correcting-Illuminating-Serum-Corrector/Dark-Spot-Correcting-Illuminating-Serum-Corrector/SK25_7_pack-shot.jpg , http://www.lorealparisusa.com/~/media/Images/LOP/Home/Products/Skin-Care/Treatments/Youth-Code-Dark-Spot-Correcting-Illuminating-Serum-Corrector/Dark-Spot-Correcting-Illuminating-Serum-Corrector/SK25_7_pack-shot_1.jpg",3,"300x300,300x300,300x300"
1141352,"L'Oreal Paris Youth Code Dark Spot Correcting & Illuminating Serum Corrector, 1.0 Fluid Ounce",Amazon-US,19.99,19.97,0.1,0,"In Stock",,http://www.amazon.com/LOreal-Paris-Correcting-Illuminating-Corrector/dp/B0073ANH14,L'Oreal,"Skin Care",Treatments,,,,,,"4th Mar 2015 05:01:43","1.0 oz.",3.7,253,"http://ecx.images-amazon.com/images/I/31QSTfNAm1L.jpg, http://ecx.images-amazon.com/images/I/31QSTfNAm1L.jpg, http://ecx.images-amazon.com/images/I/41ZrdxMbFuL.jpg, http://ecx.images-amazon.com/images/I/417hsMAyd3L.jpg, http://ecx.images-amazon.com/images/I/41IDTynYfML.jpg, http://ecx.images-amazon.com/images/I/31vnGbTCAxL.jpg",6,"481x1500,481x1500,481x1500,481x1500,481x1500,481x1500"
1141352,"L'Oreal Youth Code Dark Spot Corrector, Dark Spots products from Face, Skin Care",CVS-US,24.99,24.99,0,0,"In Stock",,http://www.cvs.com/shop/product-detail/LOreal-Youth-Code-Dark-Spot-Corrector?skuId=870395,L'Oreal,"Skin Care",Treatments,,,,,,"4th Mar 2015 01:40:14","1 OZ",,,http://www.cvs.com/bizcontent/merchandising/productimages/large/7124921333.jpg,1,224x224
1141353,"Men's Expert Comfort Max SPF 15 Anti-Irritation After Shave Balm - L'Oreal Paris",LorealParisusa-US,7.99,7.99,0,0,"In Stock",,http://www.lorealparisusa.com/en/Products/Skin-Care/Moisturizers/Mens-Expert-Comfort-Max-SPF-15-Anti-Irritation-After-Shave-Balm.aspx,L'Oreal,"Skin Care",Moisturizers,,,,,,"4th Mar 2015 01:55:57",,5,2,"http://www.lorealparisusa.com/~/media/Images/LOP/Home/Products/Skin-Care/Moisturizers/Mens-Expert-Comfort-Max-SPF-15-Anti-Irritation-After-Shave-Balm/Comfort-Max-SPF-15-Anti-Irritation-After-Shave-Balm/SK12_2_pack-shot.jpg, http://www.lorealparisusa.com/~/media/Images/LOP/Home/Products/Skin-Care/Moisturizers/Mens-Expert-Comfort-Max-SPF-15-Anti-Irritation-After-Shave-Balm/Comfort-Max-SPF-15-Anti-Irritation-After-Shave-Balm/SK12_2_pack-shot.jpg",2,"300x300,300x300"
1141353,"L'oreal Men's Expert Comfort Max After Shave Balm Spf 15",CVS-US,6.99,6.99,0,0,"In Stock",,http://www.cvs.com/shop/l-oreal-men-s-expert-comfort-max-after-shave-balm-spf-15-skuid-313672,L'Oreal,"Skin Care",Moisturizers,,,,"FREE Shipping Eligible",,"4th Mar 2015 01:39:22","3.3 OZ",5.0,,http://www.cvs.com/bizcontent/merchandising/productimages/small/7124901771.jpg,1,128x224
1141354,"Age Perfect Night Cream - Age Spot Reducing Skin Care - L'Oreal Paris",LorealParisusa-US,17.99,17.99,0,0,"In Stock",,http://www.lorealparisusa.com/en/Products/Skin-Care/Moisturizers/Age-Perfect-Night-Cream.aspx,L'Oreal,"Skin Care",Moisturizers,,,,,,"4th Mar 2015 01:56:53",,4.5,12,"http://www.lorealparisusa.com/~/media/Images/LOP/Home/Products/Skin-Care/Moisturizers/Age-Perfect-Night-Cream/Night-Cream/SK4_2_pack-shot.jpg, http://www.lorealparisusa.com/~/media/Images/LOP/Home/Products/Skin-Care/Moisturizers/Age-Perfect-Night-Cream/Night-Cream/SK4_2_pack-shot.jpg",2,"300x300,300x300"
1141354,"L'oreal Dermo-Expertise Age Perfect Anti-Sagging And Ultra-Hydrating Night Cream, Anti-Aging products from Face, Skin Care",CVS-US,17.79,17.79,0,0,"In Stock",,http://www.cvs.com/shop/skin-care/face/anti-aging/l-oreal-dermo-expertise-age-perfect-anti-sagging-and-ultra-hydrating-night-cream-skuid-107131,L'Oreal,"Skin Care",Moisturizers,,,,"FREE Shipping Eligible",,"4th Mar 2015 01:38:46","2.5 OZ",4.9,,http://www.cvs.com/bizcontent/merchandising/productimages/small/7124905320.jpg,1,224x224
1141354,"L'Oreal Paris Age Perfect Night Cream, 2.5 Fluid Ounce",Amazon-US,13.99,10.99,21.44,0,"In Stock",,http://www.amazon.com/LOreal-Paris-Perfect-Night-Cream/dp/B000KPO99I,L'Oreal,"Skin Care",Moisturizers,,,,,,"4th Mar 2015 05:03:26","1 Pack",4.1,150,"http://ecx.images-amazon.com/images/I/91957L9Fk0L._SL1500_.jpg, http://ecx.images-amazon.com/images/I/51aOFBBHs6L.jpg, http://ecx.images-amazon.com/images/I/41NJbxtNmlL.jpg, http://ecx.images-amazon.com/images/I/51JHd1ssaqL.jpg, http://ecx.images-amazon.com/images/I/41b29l9qD2L.jpg, http://ecx.images-amazon.com/images/I/51gGjjzEpwL.jpg, http://ecx.images-amazon.com/images/I/51vOEB8LrSL.jpg, http://ecx.images-amazon.com/images/I/61g-hF5CD%2BL.jpg",8,"1184x1500,1184x1500,1184x1500,1184x1500,1184x1500,1184x1500,1184x1500,1184x1500"
1141355,"Ideal Moisture™ Normal Skin Day Lotion - Moisturizers By L'Oreal Paris",LorealParisusa-US,6.99,6.99,0,0,"In Stock",,http://www.lorealparisusa.com/en/Products/Skin-Care/Moisturizers/Ideal-Moisture-Normal-Skin-Day-Lotion.aspx,L'Oreal,"Skin Care",Moisturizers,,,,,,"4th Mar 2015 06:02:55",,4,4,"http://www.lorealparisusa.com/~/media/Images/LOP/Home/Products/Skin-Care/Moisturizers/Ideal-Moisture-Normal-Skin-Day-Lotion/Normal-Skin-Day-Lotion/SK28_6_pack-shot.jpg, http://www.lorealparisusa.com/~/media/Images/LOP/Home/Products/Skin-Care/Moisturizers/Ideal-Moisture-Normal-Skin-Day-Lotion/Normal-Skin-Day-Lotion/SK28_6_pack-shot.jpg",2,"300x300,300x300"
1141355,"L'Oreal Ideal Moisture 48 HR Hydration Normal Skin Day Lotion, Face Moisturizer products from Face, Skin Care",CVS-US,6.99,6.99,0,0,"In Stock",,http://www.cvs.com/shop/skin-care/face/face-moisturizer/l-oreal-ideal-moisture-48-hr-hydration-normal-skin-day-lotion-skuid-908898,L'Oreal,"Skin Care",Moisturizers,,,,"FREE Shipping Eligible",,"4th Mar 2015 01:39:01","4 OZ",5.0,,http://www.cvs.com/bizcontent/merchandising/productimages/small/7124923981.jpg,1,224x224
1141355,"""L'Oreal"" L'Oreal Paris Ideal Moisture Normal Skin Sunscreen Lotion, SPF 25, 4 fl oz",Walmart-US,6.97,6.97,0,0,"In Stock",,http://www.walmart.com/ip/L-Oreal-Paris-Ideal-Moisture-Normal-Skin-Sunscreen-Lotion-SPF-25-4-fl-oz/22218747,L'Oreal,"Skin Care",Moisturizers,,,,50,,"3rd Mar 2015 06:00:24",,4.5,16,http://i5.walmartimages.com/dfw/dce07b8c-d44b/k2-_333339ca-5da5-465c-9117-39b235e24075.v1.jpg,1,450x450
1141356,"Hydra-Renewal Continuous Moisture Cream - Dry Skin - L'Oreal Paris",LorealParisusa-US,8.59,8.59,0,0,"In Stock",,http://www.lorealparisusa.com/en/Products/Skin-Care/Moisturizers/Hydra-Renewal-Continuous-Moisture-Cream.aspx,L'Oreal,"Skin Care",Moisturizers,,,,,,"4th Mar 2015 06:00:15",,4.71,14,"http://www.lorealparisusa.com/~/media/Images/LOP/Home/Products/Skin-Care/Moisturizers/Hydra-Renewal-Continuous-Moisture-Cream/Continuous-Moisture-Cream/SK10_1_pack-shot.jpg, http://www.lorealparisusa.com/~/media/Images/LOP/Home/Products/Skin-Care/Moisturizers/Hydra-Renewal-Continuous-Moisture-Cream/Continuous-Moisture-Cream/SK10_1_pack-shot.jpg",2,"300x300,300x300"
1141356,"Here's how L'Oreal Paris Hydra-Renewal Continuous Moisture Cream, 1.7 Ounce",Amazon-US,6.97,6.97,0,0,"In Stock",,http://www.amazon.com/LOreal-Paris-Hydra-Renewal-Continuous-Moisture/dp/B00NQ2U7ZW,L'Oreal,"Skin Care",Moisturizers,,,,,,"4th Mar 2015 05:00:37","1.7 oz.",4.0,2,"http://ecx.images-amazon.com/images/I/41IfFjduODL._SL246_SX190_CR0, 0, 190, 246_.jpg, http://ecx.images-amazon.com/images/I/41IfFjduODL._SX38_SY50_CR, 0, 0, 38, 50_.jpg, http://ecx.images-amazon.com/images/I/516zvq0eOAL._SX38_SY50_CR, 0, 0, 38, 50_.jpg, http://ecx.images-amazon.com/images/I/51Kc%2BNnPC7L._SX38_SY50_CR, 0, 0, 38, 50_.jpg, http://ecx.images-amazon.com/images/I/41Vibv-SZSL._SX38_SY50_CR, 0, 0, 38, 50_.jpg, http://ecx.images-amazon.com/images/I/31bgj7wgdeL._SX38_SY50_CR, 0, 0, 38, 50_.jpg, http://ecx.images-amazon.com/images/I/51ak8JqbvmL._SX38_SY50_CR, 0, 0, 38, 50_.jpg",7,"1046x1500,1046x1500,1046x1500,1046x1500,1046x1500,1046x1500,1046x1500,1046x1500,1046x1500,1046x1500,1046x1500,1046x1500,1046x1500,1046x1500,1046x1500,1046x1500,1046x1500,1046x1500,1046x1500,1046x1500,1046x1500,1046x1500,1046x1500,1046x1500,1046x1500,1046x1500,1046x1500,1046x1500,1046x1500,1046x1500,1046x1500"
1141356,"""L'Oreal"" L'Oreal Hydra-Renewal Moisture Cream with Pro-Vitamin B5, 1.7 oz",Walmart-US,6.97,6.97,0,0,"In Stock",,http://www.walmart.com/ip/L-Oreal-Hydra-Renewal-Moisture-Cream-with-Pro-Vitamin-B5-1.7-oz/894540,L'Oreal,"Skin Care",Moisturizers,,,,50,,"3rd Mar 2015 06:00:27",,4.0,43,http://i5.walmartimages.com/dfw/dce07b8c-822d/k2-_71da27b5-7df6-4549-99ad-7c66ea65c274.v1.jpg,1,450x450
1141357,"Youth Code™ Texture Perfector Pore Vanisher™ - Treatments By L'Oreal Paris",LorealParisusa-US,24.99,24.99,0,0,"In Stock",,http://www.lorealparisusa.com/en/Products/Skin-Care/Treatments/Youth-Code-Texture-Perfector-Pore-Vanisher.aspx,L'Oreal,"Skin Care",Treatments,,,,,,"4th Mar 2015 06:00:07",,4.08,253,"http://www.lorealparisusa.com/~/media/Images/LOP/Home/Products/Skin-Care/Treatments/Youth-Code-Texture-Perfector-Pore-Vanisher/Texture-Perfector-Pore-Vanisher/SK25_14_pack-shot.jpg, http://www.lorealparisusa.com/~/media/Images/LOP/Home/Products/Skin-Care/Treatments/Youth-Code-Texture-Perfector-Pore-Vanisher/Texture-Perfector-Pore-Vanisher/SK25_14_pack-shot.jpg",2,"300x300,300x300"
1141357,"""L'Oreal Paris"" L'Oreal Paris Youth Code Texture Perfector Pore Vanisher Cream, 1.4 fl oz",Walmart-US,19.97,19.97,0,0,"In Stock",,http://www.walmart.com/ip/L-Oreal-Paris-Youth-Code-Texture-Perfector-Pore-Vanisher-Cream-1.4-fl-oz/34208881,L'Oreal,"Skin Care",Treatments,,,,50,,"3rd Mar 2015 01:58:01",,4.0,261,http://i5.walmartimages.com/dfw/dce07b8c-8bed/k2-_4558ca7a-af92-4418-afb9-57ddce2f0c31.v1.jpg,1,450x450
1141357,"L'Oreal Youth Code Texture Perfector Pore Vanisher, Face Moisturizer products from Face, Skin Care",CVS-US,24.99,24.99,0,0,"In Stock",,http://www.cvs.com/shop/skin-care/face/face-moisturizer/l-oreal-youth-code-texture-perfector-pore-vanisher-skuid-949448,L'Oreal,"Skin Care",Treatments,,,,,,"4th Mar 2015 01:40:28","1.4 OZ",,,http://www.cvs.com/bizcontent/merchandising/productimages/large/7124924877.jpg,1,224x224
1141358,"Age Perfect Hydra-Nutrition Advanced Skin Repair Daily Serum - L'Oreal Paris",LorealParisusa-US,19.99,19.99,0,0,"In Stock",,http://www.lorealparisusa.com/en/Products/Skin-Care/Moisturizers/Age-Perfect-Hydra-Nutrition-Advanced-Skin-Repair-Daily-Serum.aspx,L'Oreal,"Skin Care",Moisturizers,,,,,,"4th Mar 2015 01:55:44",,4.84,19,"http://www.lorealparisusa.com/~/media/Images/LOP/Home/Products/Skin-Care/Moisturizers/Age-Perfect-Hydra-Nutrition-Advanced-Skin-Repair-Daily-Serum/Hydra-Nutrition-Advanced-Skin-Repair-Daily-Serum/SK5_7_pack-shot.jpg, http://www.lorealparisusa.com/~/media/Images/LOP/Home/Products/Skin-Care/Moisturizers/Age-Perfect-Hydra-Nutrition-Advanced-Skin-Repair-Daily-Serum/Hydra-Nutrition-Advanced-Skin-Repair-Daily-Serum/SK5_7_pack-shot.jpg",2,"300x300,300x300"
1141358,"L'Oreal Paris Age Perfect Hydra-Nutrition Advanced Skin Repair Daily Serum, 1.0 Fluid Ounce",Amazon-US,13.99,13.99,0,0,"In Stock",,http://www.amazon.com/LOreal-Paris-Perfect-Hydra-Nutrition-Advanced/dp/B005H1541C,L'Oreal,"Skin Care",Moisturizers,,,,,,"4th Mar 2015 05:01:50","1.0 oz.",4.3,65,"http://ecx.images-amazon.com/images/I/31wOvPMDCNL._SL246_SX190_CR0, 0, 190, 246_.jpg, http://ecx.images-amazon.com/images/I/31wOvPMDCNL.jpg, http://ecx.images-amazon.com/images/I/41ku2u4648L.jpg, http://ecx.images-amazon.com/images/I/41IiaeetjEL.jpg, http://ecx.images-amazon.com/images/I/41zhNlWQ02L.jpg, http://ecx.images-amazon.com/images/I/417U7tvYeQL.jpg, http://ecx.images-amazon.com/images/I/319dyXLPE8L.jpg",7,"466x1500,466x1500,466x1500,466x1500,466x1500,466x1500,466x1500"
1141358,"""L'Oréal Paris"" L'Oreal Paris Age Perfect Hydra Nutrition Serum For Mature Skin, 1 oz",Walmart-US,17.97,17.97,0,0,"In Stock",,http://www.walmart.com/ip/L-Oreal-Paris-Age-Perfect-Hydra-Nutrition-Serum-For-Mature-Skin-1-oz/19416449,L'Oreal,"Skin Care",Moisturizers,,,,50,,"3rd Mar 2015 01:58:30",,5.0,21,http://i5.walmartimages.com/dfw/dce07b8c-2efc/k2-_5cf5145c-c214-4d9d-ac1e-67086f43f27c.v1.jpg,1,450x450
1141358,"L'Oreal Age Perfection Advanced Skin Repair Daily Serum, Anti-Aging products from Face, Skin Care",CVS-US,20.99,20.99,0,0,"In Stock",,http://www.cvs.com/shop/skin-care/face/anti-aging/l-oreal-age-perfection-advanced-skin-repair-daily-serum-skuid-870403,L'Oreal,"Skin Care",Moisturizers,,,,"FREE Shipping Eligible",,"4th Mar 2015 01:39:13","1 OZ",0.0,,http://www.cvs.com/bizcontent/merchandising/productimages/small/7124922116.jpg,1,99x224
1141359,"Age Perfect ® Glow Renewal Day/Night Cream - Moisturizers By L'Oreal Paris",LorealParisusa-US,24.99,24.99,0,0,"In Stock",,http://www.lorealparisusa.com/en/Products/Skin-Care/Moisturizers/Age-Perfect-Glow-Renewal-Day-Night-Cream.aspx,L'Oreal,"Skin Care",Moisturizers,,,,,,"4th Mar 2015 02:00:45",,4.9,10,"http://www.lorealparisusa.com/~/media/Images/LOP/Home/Products/Skin-Care/Moisturizers/Age-Perfect-Glow-Renewal-Day-Night-Cream/Glow-Renewal-Day-Night-Cream/SK4_13_pack-shot.jpg, http://www.lorealparisusa.com/~/media/Images/LOP/Home/Products/Skin-Care/Moisturizers/Age-Perfect-Glow-Renewal-Day-Night-Cream/Glow-Renewal-Day-Night-Cream/SK4_13_pack-shot.jpg",2,"300x300,300x300"
1141359,"""L'Oreal Paris"" L'Oreal Paris Age Perfect Glow Renewal Replenishing Moisturizer Day/Night Cream, 1.7 oz",Walmart-US,19.97,19.97,0,0,"In Stock",,http://www.walmart.com/ip/L-Oreal-Paris-Age-Perfect-Glow-Renewal-Replenishing-Moisturizer-Day-Night-Cream-1.7-oz/26814452,L'Oreal,"Skin Care",Moisturizers,,,,50,,"3rd Mar 2015 01:57:50",,5.0,11,http://i5.walmartimages.com/dfw/dce07b8c-b04a/k2-_bb2db146-c577-4075-9aa4-4e2c6030a749.v1.jpg,1,450x450
1141359,"L'Oreal Age Perfect Hydra Nutrition Glow Renewal Day/Night Cream, Anti-Aging products from Face, Skin Care",CVS-US,24.99,24.99,0,0,"In Stock",,http://www.cvs.com/shop/skin-care/face/anti-aging/l-oreal-age-perfect-hydra-nutrition-glow-renewal-day-night-cream-skuid-930083,L'Oreal,"Skin Care",Moisturizers,,,,,,"4th Mar 2015 01:40:20","1 OZ",,,http://www.cvs.com/bizcontent/merchandising/productimages/large/7124925747.jpg,1,224x224
1141360,"RevitaLift Deep-Set Wrinkle Repair Night Creme - L'Oreal Paris",LorealParisusa-US,19.99,19.99,0,0,"In Stock",,http://www.lorealparisusa.com/en/Products/Skin-Care/Moisturizers/RevitaLift-Deep-Set-Wrinkle-Repair-Night-Creme.aspx,L'Oreal,"Skin Care",Moisturizers,,,,,,"4th Mar 2015 01:55:41",,3.47,15,"http://www.lorealparisusa.com/~/media/Images/LOP/Home/Products/Skin-Care/Moisturizers/RevitaLift-Deep-Set-Wrinkle-Repair-Night-Creme/Deep-Set-Wrinkle-Repair-Night-Creme/SK3_17_pack-shot.jpg, http://www.lorealparisusa.com/~/media/Images/LOP/Home/Products/Skin-Care/Moisturizers/RevitaLift-Deep-Set-Wrinkle-Repair-Night-Creme/Deep-Set-Wrinkle-Repair-Night-Creme/SK3_17_pack-shot.jpg",2,"300x300,300x300"
1141360,"Here's how L'Oreal Paris RevitaLift Deep-Set Wrinkle Repair Night Lotion, 1.7 Fluid Ounce",Amazon-US,13.99,13.99,0,0,"In Stock",,http://www.amazon.com/LOreal-Paris-RevitaLift-Deep-Set-Wrinkle/dp/B00NQ2UG4O,L'Oreal,"Skin Care",Moisturizers,,,,,,"4th Mar 2015 05:01:20","1.7 oz.",,,"http://ecx.images-amazon.com/images/I/419KnH-Ns9L._SL246_SX190_CR0, 0, 190, 246_.jpg, http://ecx.images-amazon.com/images/I/419KnH-Ns9L._SX38_SY50_CR, 0, 0, 38, 50_.jpg, http://ecx.images-amazon.com/images/I/31gAeCagACL._SX38_SY50_CR, 0, 0, 38, 50_.jpg, http://ecx.images-amazon.com/images/I/41CXcfs0r1L._SX38_SY50_CR, 0, 0, 38, 50_.jpg, http://ecx.images-amazon.com/images/I/31OahW1VciL._SX38_SY50_CR, 0, 0, 38, 50_.jpg, http://ecx.images-amazon.com/images/I/31WVVRcWzRL._SX38_SY50_CR, 0, 0, 38, 50_.jpg, http://ecx.images-amazon.com/images/I/51Dnsq-eICL._SX38_SY50_CR, 0, 0, 38, 50_.jpg",7,"567x1500,567x1500,567x1500,567x1500,567x1500,567x1500,567x1500,567x1500,567x1500,567x1500,567x1500,567x1500,567x1500,567x1500,567x1500,567x1500,567x1500,567x1500,567x1500,567x1500,567x1500,567x1500,567x1500,567x1500,567x1500,567x1500,567x1500,567x1500,567x1500,567x1500,567x1500"
1141360,"Revitalift Intensive Deep-Set Wrinkle Repair Night Lotion, 1.7 fl oz",Walmart-US,17.97,17.97,0,0,"In Stock",,http://www.walmart.com/ip/Revitalift-Intensive-Deep-Set-Wrinkle-Repair-Night-Lotion-1.7-fl-oz/10996838,L'Oreal,"Skin Care",Moisturizers,,,,50,,"3rd Mar 2015 01:58:55",,3.5,16,http://i5.walmartimages.com/dfw/dce07b8c-7812/k2-_b4a0df68-7916-491f-abfa-77abada54627.v1.jpg,1,450x450
1141360,"L'Oreal Revitalift Deep Set Wrinkle Repair Night Lotion, Anti-Aging products from Face, Skin Care",CVS-US,19.99,19.99,0,0,"In Stock",,http://www.cvs.com/shop/skin-care/face/anti-aging/l-oreal-revitalift-deep-set-wrinkle-repair-night-lotion-skuid-473129,L'Oreal,"Skin Care",Moisturizers,,,,,,"4th Mar 2015 01:39:40","1.7 OZ",,,http://www.cvs.com/bizcontent/merchandising/productimages/large/7124915442.jpg,1,102x224
1141361,"Ideal Moisture™ Sensitive Skin Day Lotion SPF 25 - Moisturizers By L'Oreal Paris",LorealParisusa-US,6.99,6.99,0,0,"In Stock",,http://www.lorealparisusa.com/en/Products/Skin-Care/Moisturizers/Ideal-Moisture-Sensitive-Skin-Day-Lotion-SPF-25.aspx,L'Oreal,"Skin Care",Moisturizers,,,,,,"4th Mar 2015 01:58:44",,4.17,12,"http://www.lorealparisusa.com/~/media/Images/LOP/Home/Products/Skin-Care/Moisturizers/Ideal-Moisture-Sensitive-Skin-Day-Lotion-SPF-25/Sensitive-Skin-Day-Lotion-SPF-25/SK28_7_pack-shot.jpg, http://www.lorealparisusa.com/~/media/Images/LOP/Home/Products/Skin-Care/Moisturizers/Ideal-Moisture-Sensitive-Skin-Day-Lotion-SPF-25/Sensitive-Skin-Day-Lotion-SPF-25/SK28_7_pack-shot.jpg",2,"300x300,300x300"
1141361,"""L'Oreal"" L'Oreal Paris Ideal Moisture-Sensitive Skin Sunscreen Lotion, SPF 25, 4 fl oz",Walmart-US,6.97,6.97,0,0,"In Stock",,http://www.walmart.com/ip/L-Oreal-Paris-Ideal-Moisture-Sensitive-Skin-Sunscreen-Lotion-SPF-25-4-fl-oz/22218778,L'Oreal,"Skin Care",Moisturizers,,,,50,,"3rd Mar 2015 01:59:52",,4.5,19,http://i5.walmartimages.com/dfw/dce07b8c-597f/k2-_8ac8c94a-998f-472a-b6cc-7e517d9a43ac.v1.jpg,1,450x450
1141361,"L'Oreal Ideal Moisture 48 HR Hydration Sensitive Skin Day Lotion, Face Moisturizer products from Face, Skin Care",CVS-US,6.99,6.99,0,0,"In Stock",,http://www.cvs.com/shop/skin-care/face/face-moisturizer/l-oreal-ideal-moisture-48-hr-hydration-sensitive-skin-day-lotion-skuid-908902,L'Oreal,"Skin Care",Moisturizers,,,,"FREE Shipping Eligible",,"4th Mar 2015 01:39:10","4 OZ",4.0,,http://www.cvs.com/bizcontent/merchandising/productimages/small/7124923983.jpg,1,224x224
1141361,"L'Oreal Paris Ideal Moisture Day Lotion SPF 25, Sensitive Skin, 4.0 Fluid Ounce",Amazon-US,6.29,5.83,7.31,0,"In Stock",,http://www.amazon.com/LOreal-Paris-Moisture-Lotion-Sensitive/dp/B00AYDN0EG,L'Oreal,"Skin Care",Moisturizers,,,,,,"4th Mar 2015 05:01:13","4.0 oz.",4.1,29,"http://ecx.images-amazon.com/images/I/7192e5sn4sL._SL1500_.jpg, http://ecx.images-amazon.com/images/I/31yKOQ15buL.jpg, http://ecx.images-amazon.com/images/I/41rXL2O0NKL.jpg, http://ecx.images-amazon.com/images/I/51S3%2BPcl96L.jpg, http://ecx.images-amazon.com/images/I/41AYo5UVvVL.jpg, http://ecx.images-amazon.com/images/I/41O0K8REvEL.jpg",6,"575x1500,575x1500,575x1500,575x1500,575x1500,575x1500"
1141362,"Youth Code BB Cream Illuminator - Even Skin Tone - L'Oreal Paris",LorealParisusa-US,16.99,16.99,0,0,"In Stock",,http://www.lorealparisusa.com/en/Products/Skin-Care/Moisturizers/Youth-Code-BB-Cream-Illuminator.aspx,L'Oreal,"Skin Care",Moisturizers,,,,,,"4th Mar 2015 01:55:36",,4.07,41,"http://www.lorealparisusa.com/~/media/Images/LOP/Home/Products/Skin-Care/Moisturizers/Youth-Code-BB-Cream-Illuminator/Light/SK25_9_pack-shot.jpg, http://www.lorealparisusa.com/~/media/Images/LOP/Home/Products/Skin-Care/Moisturizers/Youth-Code-BB-Cream-Illuminator/Light/SK25_9_pack-shot.jpg",2,"300x300,300x300"
1141362,"""Youth Code BB Cream"" L'Oreal Paris Youth Code BB Cream Illuminator",Walmart-US,13.87,13.87,0,0,"Out Of Stock",,http://www.walmart.com/ip/L-Oreal-Paris-Youth-Code-BB-Cream-Illuminator/21062560,L'Oreal,"Skin Care",Moisturizers,,,,50,,"3rd Mar 2015 01:58:45",,4.0,53,http://i5.walmartimages.com/dfw/dce07b8c-4880/k2-_77d23c5b-7077-410f-83fd-9b818b7493fe.v1.jpg,1,450x450
1141363,"RevitaLift Deep-Set Wrinkle Repair SPF Day Lotion SPF 15 - L'Oreal Paris",LorealParisusa-US,19.99,19.99,0,0,"In Stock",,http://www.lorealparisusa.com/en/Products/Skin-Care/Moisturizers/RevitaLift-Deep-Set-Wrinkle-Repair-SPF-Day-Lotion-SPF-15.aspx,L'Oreal,"Skin Care",Moisturizers,,,,,,"4th Mar 2015 01:55:20",,3.42,24,"http://www.lorealparisusa.com/~/media/Images/LOP/Home/Products/Skin-Care/Moisturizers/RevitaLift-Deep-Set-Wrinkle-Repair-SPF-Day-Lotion-SPF-18/Deep-Set-Wrinkle-Repair-SPF-Day-Lotion-SPF-18/SK3_16_pack-shot.jpg, http://www.lorealparisusa.com/~/media/Images/LOP/Home/Products/Skin-Care/Moisturizers/RevitaLift-Deep-Set-Wrinkle-Repair-SPF-Day-Lotion-SPF-18/Deep-Set-Wrinkle-Repair-SPF-Day-Lotion-SPF-18/SK3_16_pack-shot.jpg",2,"300x300,300x300"
1141363,"Revitalift Intensive Deep-Set Wrinkle Repair Day Lotion, 1.7 fl oz",Walmart-US,17.97,17.97,0,0,"In Stock",,http://www.walmart.com/ip/Revitalift-Intensive-Deep-Set-Wrinkle-Repair-Day-Lotion-1.7-fl-oz/10996839,L'Oreal,"Skin Care",Moisturizers,,,,50,,"3rd Mar 2015 01:58:23",,3.5,24,http://i5.walmartimages.com/dfw/dce07b8c-1899/k2-_73a1b78d-cadf-443d-a3cd-4ed198df7ed0.v1.jpg,1,450x450
1141363,"L'Oreal Day Lotion Deep-Set Wrinkle Repair SPF, Anti-Aging products from Face, Skin Care",CVS-US,19.99,19.99,0,0,"In Stock",,http://www.cvs.com/shop/skin-care/face/anti-aging/l-oreal-day-lotion-deep-set-wrinkle-repair-spf-skuid-473128,L'Oreal,"Skin Care",Moisturizers,,,,"FREE Shipping Eligible",,"4th Mar 2015 01:39:59","1.7 OZ",0.0,,http://www.cvs.com/bizcontent/merchandising/productimages/small/7124915443.jpg,1,100x224
1141364,"RevitaLift Anti-Wrinkle + Firming Face & Neck Contour Cream - L'Oreal Paris",LorealParisusa-US,17.99,17.99,0,0,"In Stock",,http://www.lorealparisusa.com/en/Products/Skin-Care/Moisturizers/RevitaLift-Anti-Wrinkle-Firming-Face-Neck-Contour-Cream.aspx,L'Oreal,"Skin Care",Moisturizers,,,,,,"4th Mar 2015 01:55:48",,4.69,13,"http://www.lorealparisusa.com/~/media/Images/LOP/Home/Products/Skin-Care/Moisturizers/RevitaLift-Anti-Wrinkle-Firming-Face-Neck-Contour-Cream/Anti-Wrinkle-Firming-Face-Neck-Contour-Cream/SK3_4_pack-shot.jpg, http://www.lorealparisusa.com/~/media/Images/LOP/Home/Products/Skin-Care/Moisturizers/RevitaLift-Anti-Wrinkle-Firming-Face-Neck-Contour-Cream/Anti-Wrinkle-Firming-Face-Neck-Contour-Cream/SK3_4_pack-shot.jpg",2,"300x300,300x300"
1141364,"L'Oreal Paris RevitaLift Anti-Wrinkle + Firming Face & Neck Contour Cream, 1.7 Fluid Ounce",Amazon-US,13.99,12.99,7.15,0,"In Stock",,http://www.amazon.com/LOreal-Paris-RevitaLift-Anti-Wrinkle-Firming/dp/B000KONYJK,L'Oreal,"Skin Care",Moisturizers,,,,2.75,,"4th Mar 2015 05:02:41","1.7 oz.",3.9,220,"http://ecx.images-amazon.com/images/I/41AOKNInGdL._AA160_.jpg, http://ecx.images-amazon.com/images/I/41AOKNInGdL.jpg, http://ecx.images-amazon.com/images/I/51H149ymxkL.jpg, http://ecx.images-amazon.com/images/I/51djIB8dJEL.jpg, http://ecx.images-amazon.com/images/I/51rVh-UP1bL.jpg, http://ecx.images-amazon.com/images/I/41crrKFm2oL.jpg",6,"1500x1197,1500x1197,1500x1197,1500x1197,1500x1197,1500x1197"
1141364,"""L'Oreal"" L'Oreal Advanced RevitaLift Complete Day Cream, Anti-Wrinkle & Firming Face & Neck Moisturizer, 1.7 oz",Walmart-US,13.97,13.97,0,0,"In Stock",,http://www.walmart.com/ip/L-Oreal-Advanced-RevitaLift-Complete-Day-Cream-Anti-Wrinkle-Firming-Face-Neck-Moisturizer-1.7-oz/10543657,L'Oreal,"Skin Care",Moisturizers,,,,50,,"3rd Mar 2015 01:59:08",,4.0,24,http://i5.walmartimages.com/dfw/dce07b8c-22ad/k2-_9e8c335f-4f97-4e73-a1c2-8d56c6ea9484.v1.jpg,1,450x450
1141365,"Age Perfect Day Cream SPF 15 - Anti-Aging Moisturizer - L'Oreal Paris",LorealParisusa-US,17.99,17.99,0,0,"In Stock",,http://www.lorealparisusa.com/en/Products/Skin-Care/Moisturizers/Age-Perfect-Day-Cream-SPF-15.aspx,L'Oreal,"Skin Care",Moisturizers,,,,,,"4th Mar 2015 01:56:19",,4,17,"http://www.lorealparisusa.com/~/media/Images/LOP/Home/Products/Skin-Care/Moisturizers/Age-Perfect-Day-Cream-SPF-15/Day-Cream-SPF-15/SK4_1_pack-shot.jpg, http://www.lorealparisusa.com/~/media/Images/LOP/Home/Products/Skin-Care/Moisturizers/Age-Perfect-Day-Cream-SPF-15/Day-Cream-SPF-15/SK4_1_pack-shot.jpg",2,"300x300,300x300"
1141365,"L'oreal Dermo-Expertise Age Perfect Anti-Sagging And Ultra-Hydrating Day Cream, Anti-Aging products from Face, Skin Care",CVS-US,17.79,17.79,0,0,"In Stock",,http://www.cvs.com/shop/skin-care/face/anti-aging/l-oreal-dermo-expertise-age-perfect-anti-sagging-and-ultra-hydrating-day-cream-skuid-107122,L'Oreal,"Skin Care",Moisturizers,,,,"FREE Shipping Eligible",,"4th Mar 2015 01:39:43","2.5 OZ",3.9,,http://www.cvs.com/bizcontent/merchandising/productimages/small/7124905170.jpg,1,197x224
1141366,"Men's Expert Vita Lift SPF 15 Anti-Wrinkle & Firming Moisturizer - L'Oreal Paris",LorealParisusa-US,11.88,11.88,0,0,"In Stock",,http://www.lorealparisusa.com/en/Products/Skin-Care/Moisturizers/Mens-Expert-Vita-Lift-SPF-15-Anti-Wrinkle-Firming-Moisturizer.aspx,L'Oreal,"Skin Care",Moisturizers,,,,,,"4th Mar 2015 01:56:46",,4.75,4,"http://www.lorealparisusa.com/~/media/Images/LOP/Home/Products/Skin-Care/Moisturizers/Mens-Expert-Vita-Lift-SPF-15-Anti-Wrinkle-Firming-Moisturizer/Vita-Lift-SPF-15-Anti-Wrinkle-Firming-Moisturizer/SK12_7_pack-shot.jpg, http://www.lorealparisusa.com/~/media/Images/LOP/Home/Products/Skin-Care/Moisturizers/Mens-Expert-Vita-Lift-SPF-15-Anti-Wrinkle-Firming-Moisturizer/Vita-Lift-SPF-15-Anti-Wrinkle-Firming-Moisturizer/SK12_7_pack-shot.jpg",2,"300x300,300x300"
1141366,"L'oreal Men's Expert Vita Lift Anti-Wrinkle And Firming Moisturizer Spf 15, Anti-Aging products from Face, Skin Care",CVS-US,11.99,11.99,0,0,"In Stock",,http://www.cvs.com/shop/skin-care/face/anti-aging/l-oreal-men-s-expert-vita-lift-anti-wrinkle-and-firming-moisturizer-spf-15-skuid-337967,L'Oreal,"Skin Care",Moisturizers,,,,"FREE Shipping Eligible",,"4th Mar 2015 01:39:25","1.6 OZ",4.7,,http://www.cvs.com/bizcontent/merchandising/productimages/small/7124909872.jpg,1,131x224
1141367,"Men's Expert Vita Lift Anti-Wrinkle & Firming Moisturizer - L'Oreal Paris",LorealParisusa-US,10.49,10.49,0,0,"In Stock",,http://www.lorealparisusa.com/en/Products/Skin-Care/Moisturizers/Mens-Expert-Vita-Lift-Anti-Wrinkle-Firming-Moisturizer.aspx,L'Oreal,"Skin Care",Moisturizers,,,,,,"4th Mar 2015 06:02:52",,4.75,4,"http://www.lorealparisusa.com/~/media/Images/LOP/Home/Products/Skin-Care/Moisturizers/Mens-Expert-Vita-Lift-Anti-Wrinkle-Firming-Moisturizer/Vita-Lift-Anti-Wrinkle-Firming-Moisturizer/SK12_8_pack-shot.jpg, http://www.lorealparisusa.com/~/media/Images/LOP/Home/Products/Skin-Care/Moisturizers/Mens-Expert-Vita-Lift-Anti-Wrinkle-Firming-Moisturizer/Vita-Lift-Anti-Wrinkle-Firming-Moisturizer/SK12_8_pack-shot.jpg",2,"300x300,300x300"
1141367,"L'Oreal Men's Expert Vita Lift Anti-Wrinkle And Firming Moisturizer, Anti-Aging products from Face, Skin Care",CVS-US,11.99,11.99,0,0,"In Stock",,http://www.cvs.com/shop/skin-care/face/anti-aging/l-oreal-men-s-expert-vita-lift-anti-wrinkle-and-firming-moisturizer-skuid-313679,L'Oreal,"Skin Care",Moisturizers,,,,"FREE Shipping Eligible",,"4th Mar 2015 01:39:46","1.6 OZ",5.0,,http://www.cvs.com/bizcontent/merchandising/productimages/small/7124901760.jpg,1,142x224
1141367,"L'Oreal Paris Men's Expert Vita Lift Anti-Wrinkle & Firming Moisturizer, 1.6 Fluid Ounce",Amazon-US,8.49,8.49,0,0,"In Stock",,http://www.amazon.com/LOreal-Paris-Anti-Wrinkle-Firming-Moisturizer/dp/B0013NHSYE,L'Oreal,"Skin Care",Moisturizers,,,,,,"4th Mar 2015 05:00:58","1.6 oz.",4.1,118,"http://ecx.images-amazon.com/images/I/41pAMrUPS5L._SL246_SX190_CR0, 0, 190, 246_.jpg, http://ecx.images-amazon.com/images/I/41pAMrUPS5L.jpg, http://ecx.images-amazon.com/images/I/41ZbVb7uW5L.jpg, http://ecx.images-amazon.com/images/I/516TzaESt8L.jpg, http://ecx.images-amazon.com/images/I/41BpZvTl12L.jpg, http://ecx.images-amazon.com/images/I/51PTdBt4WgL.jpg, http://ecx.images-amazon.com/images/I/41qQaLEODKL.jpg",7,"NAxNA,NAxNA,NAxNA,NAxNA,NAxNA,NAxNA,NAxNA"
1141368,"Age Perfect ® Glow Renewal SPF 30 Lotion - Moisturizers By L'Oreal Paris",LorealParisusa-US,24.99,24.99,0,0,"In Stock",,http://www.lorealparisusa.com/en/Products/Skin-Care/Moisturizers/Age-Perfect-Glow-Renewal-SPF-30-Lotion.aspx,L'Oreal,"Skin Care",Moisturizers,,,,,,"4th Mar 2015 06:02:48",,4.33,3,"http://www.lorealparisusa.com/~/media/Images/LOP/Home/Products/Skin-Care/Suncare/Age-Perfect-Glow-Renewal-SPF-30-Lotion/Glow-Renewal-SPF-30-Lotion/SK4_15_pack-shot.jpg, http://www.lorealparisusa.com/~/media/Images/LOP/Home/Products/Skin-Care/Suncare/Age-Perfect-Glow-Renewal-SPF-30-Lotion/Glow-Renewal-SPF-30-Lotion/SK4_15_pack-shot.jpg",2,"300x300,300x300"
1141368,"L'Oreal Age Perfect Glow Renewal Day Lotion Moisturizer, SPF 30, Face Moisturizer products from Face, Skin Care",CVS-US,24.99,24.99,0,0,"In Stock",,http://www.cvs.com/shop/skin-care/face/face-moisturizer/l-oreal-age-perfect-glow-renewal-day-lotion-moisturizer-spf-30-skuid-949444,L'Oreal,"Skin Care",Moisturizers,,,,"FREE Shipping Eligible",,"4th Mar 2015 01:39:29","1.7 OZ",0.0,,http://www.cvs.com/bizcontent/merchandising/productimages/small/7124926585.jpg,1,224x224
1141368,"""L'Oreal Paris"" L'Oreal Paris Age Perfect Glow Renewal Day Lotion for Face, Neck & Chest, 1.7 fl oz",Walmart-US,19.97,19.97,0,0,"In Stock",,http://www.walmart.com/ip/L-Oreal-Paris-Age-Perfect-Glow-Renewal-Day-Lotion-for-Face-Neck-Chest-1.7-fl-oz/34208880,L'Oreal,"Skin Care",Moisturizers,,,,50,,"3rd Mar 2015 01:58:52",,4.5,5,http://i5.walmartimages.com/dfw/dce07b8c-f3b3/k2-_8fb49509-1bdf-4638-9fd9-41676cea3508.v1.jpg,1,450x450
1141369,"Youth Code Day Lotion SPF 30 - Sunblock Skincare - L'Oreal Paris",LorealParisusa-US,24.99,24.99,0,0,"In Stock",,http://www.lorealparisusa.com/en/Products/Skin-Care/Moisturizers/Youth-Code-Day-Lotion-SPF-30.aspx,L'Oreal,"Skin Care",Moisturizers,,,,,,"4th Mar 2015 06:02:58",,3.92,12,"http://www.lorealparisusa.com/~/media/Images/LOP/Home/Products/Skin-Care/Moisturizers/Youth-Code-Day-Lotion-SPF-30/Day-Lotion-SPF-30/SK25_3_pack-shot.jpg, http://www.lorealparisusa.com/~/media/Images/LOP/Home/Products/Skin-Care/Moisturizers/Youth-Code-Day-Lotion-SPF-30/Day-Lotion-SPF-30/SK25_3_pack-shot.jpg",2,"300x300,300x300"
1141369,"""L'Oreal"" L'Oreal Youth Code Day Lotion Spf 30",Walmart-US,19.97,19.97,0,0,"In Stock",,http://www.walmart.com/ip/L-Oreal-Youth-Code-Day-Lotion-Spf-30/15270270,L'Oreal,"Skin Care",Moisturizers,,,,50,,"3rd Mar 2015 02:02:28",,4.0,13,http://i5.walmartimages.com/dfw/dce07b8c-e05d/k2-_cfc6e196-4134-4f48-9919-2547896d9b95.v1.jpg,1,450x450
1141370,"RevitaLift ® Moisture Blur - Moisturizers By L'Oreal Paris",LorealParisusa-US,24.99,24.99,0,0,"In Stock",,http://www.lorealparisusa.com/en/Products/Skin-Care/Moisturizers/RevitaLift-Moisture-Blur.aspx,L'Oreal,"Skin Care",Moisturizers,,,,,,"4th Mar 2015 01:56:33",,4.36,11,"http://www.lorealparisusa.com/~/media/Images/LOP/Home/Products/Skin-Care/Moisturizers/RevitaLift-Moisture-Blur/Moisture-Blur/SK3_32_pack-shot.jpg, http://www.lorealparisusa.com/~/media/Images/LOP/Home/Products/Skin-Care/Moisturizers/RevitaLift-Moisture-Blur/Moisture-Blur/SK3_32_pack-shot.jpg",2,"300x300,300x300"
1141370,"""L'Oreal Paris"" L'Oreal Paris Revitalift Moisture Blur Instant Skin Smoother Moisturizer, 1.7 fl oz",Walmart-US,19.97,19.97,0,0,"In Stock",,http://www.walmart.com/ip/L-Oreal-Paris-Revitalift-Moisture-Blur-Instant-Skin-Smoother-Moisturizer-1.7-fl-oz/34208876,L'Oreal,"Skin Care",Moisturizers,,,,50,,"3rd Mar 2015 01:57:44",,4.0,151,http://i5.walmartimages.com/dfw/dce07b8c-df95/k2-_385101e9-eaa4-454b-8cbe-c4f7d00e598e.v2.jpg,1,450x450
1141370,"L'Oreal Revitalift Moisture Blur Instant Skin Smoother, 24H Hydration, Anti-Aging products from Face, Skin Care",CVS-US,24.99,24.99,0,0,"In Stock",,http://www.cvs.com/shop/skin-care/face/anti-aging/l-oreal-revitalift-moisture-blur-instant-skin-smoother-24h-hydration-skuid-949449,L'Oreal,"Skin Care",Moisturizers,,,,"FREE Shipping Eligible",,"4th Mar 2015 01:39:07","1.7 OZ",0.0,,http://www.cvs.com/bizcontent/merchandising/productimages/small/7124927532.jpg,1,224x224
1141371,"RevitaLift ® Miracle Blur Oil-Free - Moisturizers By L'Oreal Paris",LorealParisusa-US,24.99,24.99,0,0,"In Stock",,http://www.lorealparisusa.com/en/Products/Skin-Care/Moisturizers/RevitaLift-Miracle-Blur-Oil-Free.aspx,L'Oreal,"Skin Care",Moisturizers,,,,,,"4th Mar 2015 06:00:27",,3.63,19,"http://www.lorealparisusa.com/~/media/Images/LOP/Home/Products/Skin-Care/Moisturizers/RevitaLift-Miracle-Blur-Oil-Free/Miracle-Blur-Oil-Free/SK3_29_pack-shot.jpg, http://www.lorealparisusa.com/~/media/Images/LOP/Home/Products/Skin-Care/Moisturizers/RevitaLift-Miracle-Blur-Oil-Free/Miracle-Blur-Oil-Free/SK3_29_pack-shot.jpg",2,"300x300,300x300"
1141371,"L'Oreal Revitalift Miracle Blur, Oil Free, Serums & Treatments products from Face, Skin Care",CVS-US,24.99,24.99,0,0,"In Stock",,http://www.cvs.com/shop/skin-care/face/serums-treatments/l-oreal-revitalift-miracle-blur-oil-free-skuid-931971,L'Oreal,"Skin Care",Moisturizers,,,,"FREE Shipping Eligible",,"4th Mar 2015 01:40:05","1.18 OZ",0.0,,http://www.cvs.com/bizcontent/merchandising/productimages/small/7124926867.jpg,1,224x224
1141371,"L'Oreal Paris Revitalift Miracle Blur Cream, Oil-Free, 1.18 Fluid Ounce",Amazon-US,19.99,9,54.98,-99.99,"In Stock",,http://www.amazon.com/LOreal-Paris-Revitalift-Miracle-Oil-Free/dp/B00EELSW9M,L'Oreal,"Skin Care",Moisturizers,,,,4.99,,"4th Mar 2015 05:00:24","1.18 oz.",3.7,67,"http://ecx.images-amazon.com/images/I/41nXgNa0-qL._SL246_SX190_CR0, 0, 190, 246_.jpg, http://ecx.images-amazon.com/images/I/41nXgNa0-qL.jpg, http://ecx.images-amazon.com/images/I/411iPo9T2bL.jpg, http://ecx.images-amazon.com/images/I/51v1IXBZr3L.jpg, http://ecx.images-amazon.com/images/I/41Ki67QDXbL.jpg, http://ecx.images-amazon.com/images/I/3100bFd-eYL.jpg, http://ecx.images-amazon.com/images/I/31Fm3lxAuCL.jpg",7,"625x1500,625x1500,625x1500,625x1500,625x1500,625x1500,625x1500"
1141371,"""L'Oreal Paris"" L'Oreal Paris Revitalift Miracle Blur Oil-Free Instant Skin Smoother, 1.18 fl oz",Walmart-US,19.97,19.97,0,0,"In Stock",,http://www.walmart.com/ip/L-Oreal-Paris-Revitalift-Miracle-Blur-Oil-Free-Instant-Skin-Smoother-1.18-fl-oz/26814453,L'Oreal,"Skin Care",Moisturizers,,,,50,,"3rd Mar 2015 01:58:20",,3.5,21,http://i5.walmartimages.com/dfw/dce07b8c-43ec/k2-_946ca92b-9260-484b-8bf5-17a7a450134f.v1.jpg,1,450x450
1141372,"Age Perfect BB Cream Instant Radiance - Anti-Aging Primer - L'Oreal Paris",LorealParisusa-US,16.99,16.99,0,0,"In Stock",,http://www.lorealparisusa.com/en/Products/Skin-Care/Moisturizers/Age-Perfect-BB-Cream-Instant-Radiance.aspx,L'Oreal,"Skin Care",Moisturizers,,,,,,"4th Mar 2015 06:00:11",,2.97,33,"http://www.lorealparisusa.com/~/media/Images/LOP/Home/Products/Skin-Care/Moisturizers/Age-Perfect-BB-Cream-Instant-Radiance/BB-Cream-Instant-Radiance/SK4_12_pack-shot.jpg, http://www.lorealparisusa.com/~/media/Images/LOP/Home/Products/Skin-Care/Moisturizers/Age-Perfect-BB-Cream-Instant-Radiance/BB-Cream-Instant-Radiance/SK4_12_pack-shot.jpg",2,"300x300,300x300"
1141372,"L'Oreal Paris Age Perfect BB Cream Instant Radiance, 2.5 Fluid Ounce",Amazon-US,13.99,13.19,5.72,0,"In Stock",,http://www.amazon.com/LOreal-Paris-Perfect-Instant-Radiance/dp/B00AXRBAEA,L'Oreal,"Skin Care",Moisturizers,,,,,,"4th Mar 2015 05:02:04","Pack of 2",3.3,131,"http://ecx.images-amazon.com/images/I/31F-SzyrUhL._SL246_SX190_CR0, 0, 190, 246_.jpg, http://ecx.images-amazon.com/images/I/31F-SzyrUhL.jpg, http://ecx.images-amazon.com/images/I/41BXlvwo-7L.jpg, http://ecx.images-amazon.com/images/I/41zn17O5diL.jpg, http://ecx.images-amazon.com/images/I/41QZzaq0PFL.jpg, http://ecx.images-amazon.com/images/I/314zUApxWQL.jpg, http://ecx.images-amazon.com/images/I/41CRFJz94IL.jpg",7,"575x1500,575x1500,575x1500,575x1500,575x1500,575x1500,575x1500"
1141372,"L'Oreal Age Perfect Instant Radiance BB Cream, Light/Medium SPF 20, BB Creams products from Face, Skin Care",CVS-US,16.99,16.99,0,0,"In Stock",,http://www.cvs.com/shop/skin-care/face/bb-creams/l-oreal-age-perfect-instant-radiance-bb-cream-light-medium-spf-20-skuid-907425,L'Oreal,"Skin Care",Moisturizers,,,,"FREE Shipping Eligible",,"4th Mar 2015 01:39:37","2.5 OZ",2.8,,http://www.cvs.com/bizcontent/merchandising/productimages/small/7124924094.jpg,1,224x224
1141372,"""L'Oreal"" L'Oreal Paris Age Perfect BB Cream for Mature Skin, 2.5 fl oz",Walmart-US,13.97,13.84,0.93,0,"In Stock",,http://www.walmart.com/ip/L-Oreal-Paris-Age-Perfect-BB-Cream-for-Mature-Skin-2.5-fl-oz/22218748,L'Oreal,"Skin Care",Moisturizers,,,,50,,"3rd Mar 2015 01:58:33",,3.5,44,http://i5.walmartimages.com/dfw/dce07b8c-8546/k2-_4f23ccc8-7f31-4d39-91b3-c1e97b54bddf.v1.jpg,1,450x450
1141373,"Age Perfect ® Cell Renewal* Night Cream - Moisturizers By L'Oreal Paris",LorealParisusa-US,24.99,24.99,0,0,"In Stock",,http://www.lorealparisusa.com/en/Products/Skin-Care/Moisturizers/Age-Perfect-Cell-Renewal-Night-Cream.aspx,L'Oreal,"Skin Care",Moisturizers,,,,,,"4th Mar 2015 01:56:22",,4.39,18,"http://www.lorealparisusa.com/~/media/Images/LOP/Home/Products/Skin-Care/Moisturizers/Age-Perfect-Cell-Renewal-Night-Cream/Night-Cream/SK4_18_pack-shot.jpg, http://www.lorealparisusa.com/~/media/Images/LOP/Home/Products/Skin-Care/Moisturizers/Age-Perfect-Cell-Renewal-Night-Cream/Night-Cream/SK4_18_pack-shot.jpg",2,"300x300,300x300"
1141373,"L'Oreal Age Perfect Cell Renewal Moisturizing Night Cream, Face Moisturizer products from Face, Skin Care",CVS-US,24.99,24.99,0,0,"In Stock",,http://www.cvs.com/shop/skin-care/face/face-moisturizer/l-oreal-age-perfect-cell-renewal-moisturizing-night-cream-skuid-970472,L'Oreal,"Skin Care",Moisturizers,,,,"FREE Shipping Eligible",,"4th Mar 2015 01:39:52","1.7 OZ",0.0,,http://www.cvs.com/bizcontent/merchandising/productimages/small/7124927936.jpg,1,224x224
1141373,"L'Oreal Paris Age Perfect Cell Renewal Night Cream, 1.7 Ounce",Amazon-US,19.99,19.97,0.1,0,"In Stock",,http://www.amazon.com/LOreal-Paris-Perfect-Renewal-Night/dp/B00M97IU72,L'Oreal,"Skin Care",Moisturizers,,,,,,"4th Mar 2015 05:01:06","1 Oz",4.2,4,"http://ecx.images-amazon.com/images/I/51d5recqRtL._SL246_SX190_CR0, 0, 190, 246_.jpg, http://ecx.images-amazon.com/images/I/41aecn2ebQL.jpg, http://ecx.images-amazon.com/images/I/51DArL2sguL.jpg, http://ecx.images-amazon.com/images/I/51nYDNsJzFL.jpg, http://ecx.images-amazon.com/images/I/51TifBhgqUL.jpg, http://ecx.images-amazon.com/images/I/51U-5RgyVTL.jpg, http://ecx.images-amazon.com/images/I/41HwgqCKC3L.jpg",7,"1404x1072,1404x1072,1404x1072,1404x1072,1404x1072,1404x1072,1404x1072"
1141373,"""L'Oreal Paris"" L'Oreal Paris Age Perfect Cell Renewal Night Cream Moisturizer, 1.7 fl oz",Walmart-US,19.97,19.97,0,0,"In Stock",,http://www.walmart.com/ip/L-Oreal-Paris-Age-Perfect-Cell-Renewal-Night-Cream-Moisturizer-1.7-fl-oz/38102600,L'Oreal,"Skin Care",Moisturizers,,,,50,,"3rd Mar 2015 01:57:54",,4.5,15,http://i5.walmartimages.com/dfw/dce07b8c-4053/k2-_70f1a845-79c8-415b-a6cc-481edade98c4.v1.jpg,1,450x450
1141374,"RevitaLift Miracle Blur - Erases Lines, Wrinkles & Pores - L'Oreal Paris",LorealParisusa-US,24.99,24.99,0,0,"In Stock",,http://www.lorealparisusa.com/en/Products/Skin-Care/Moisturizers/RevitaLift-Miracle-Blur.aspx,L'Oreal,"Skin Care",Moisturizers,,,,,,"4th Mar 2015 01:56:38",,4.09,142,"http://www.lorealparisusa.com/~/media/Images/LOP/Home/Products/Skin-Care/Moisturizers/RevitaLift-Miracle-Blur/Miracle-Blur/SK3_28_pack-shot.jpg, http://www.lorealparisusa.com/~/media/Images/LOP/Home/Products/Skin-Care/Moisturizers/RevitaLift-Miracle-Blur/Miracle-Blur/SK3_28_pack-shot.jpg",2,"300x300,300x300"
1141374,"L'Oreal Revitalift Miracle Blur, Serums & Treatments products from Face, Skin Care",CVS-US,24.99,24.99,0,0,"In Stock",,http://www.cvs.com/shop/skin-care/face/serums-treatments/l-oreal-revitalift-miracle-blur-skuid-907426,L'Oreal,"Skin Care",Moisturizers,,,,"FREE Shipping Eligible",,"4th Mar 2015 01:38:59","1.18 OZ",4.0,,http://www.cvs.com/bizcontent/merchandising/productimages/small/7124924913.jpg,1,224x224
1141374,"""L'Oreal"" L'Oreal Paris Revitalift Miracle Blur Instant Skin Smoother Finishing Cream, 1.18 fl oz",Walmart-US,19.97,19.97,0,0,"In Stock",,http://www.walmart.com/ip/L-Oreal-Paris-Revitalift-Miracle-Blur-Instant-Skin-Smoother-Finishing-Cream-1.18-fl-oz/22172114,L'Oreal,"Skin Care",Moisturizers,,,,50,,"3rd Mar 2015 02:04:12",,4.0,172,http://i5.walmartimages.com/dfw/dce07b8c-bfc7/k2-_0b9a5565-5322-448b-9b14-3df089f36140.v1.jpg,1,450x450
1141375,"Collagen Filler Collagen Moisture Filler Day/Night Cream - L'Oreal Paris",LorealParisusa-US,11.49,11.49,0,0,"In Stock",,http://www.lorealparisusa.com/en/Products/Skin-Care/Moisturizers/Collagen-Filler-Collagen-Moisture-Filler-Day-Night-Cream.aspx,L'Oreal,"Skin Care",Moisturizers,,,,,,"4th Mar 2015 01:59:05",,4.27,22,"http://www.lorealparisusa.com/~/media/Images/LOP/Home/Products/Skin-Care/Moisturizers/Collagen-Filler-Collagen-Moisture-Filler-Day-Night-Cream/Collagen-Moisture-Filler-Day-Night-Cream/SK23_10_pack-shot.jpg, http://www.lorealparisusa.com/~/media/Images/LOP/Home/Products/Skin-Care/Moisturizers/Collagen-Filler-Collagen-Moisture-Filler-Day-Night-Cream/Collagen-Moisture-Filler-Day-Night-Cream/SK23_10_pack-shot.jpg",2,"300x300,300x300"
1141375,"L'Oreal Collagen Moisture Filler Daily Moisturizer Day/Night Cream, Anti-Aging products from Face, Skin Care",CVS-US,17.49,17.49,0,0,"In Stock",,http://www.cvs.com/shop/skin-care/face/anti-aging/l-oreal-collagen-moisture-filler-daily-moisturizer-day-night-cream-skuid-696669,L'Oreal,"Skin Care",Moisturizers,,,,"FREE Shipping Eligible",,"4th Mar 2015 01:40:08","1.7 OZ",4.5,,http://www.cvs.com/bizcontent/merchandising/productimages/small/7124915287.jpg,1,224x220
1141375,"L'Oreal Paris Collagen Moisture Filler Day/Night Cream, 1.7 Fluid Ounce",Amazon-US,9.99,9.43,5.61,0,"In Stock",,http://www.amazon.com/LOreal-Paris-Collagen-Moisture-Filler/dp/B002JDUMFO,L'Oreal,"Skin Care",Moisturizers,,,,,,"4th Mar 2015 05:00:10","1.7 Fluid Ounce",4.3,232,"http://ecx.images-amazon.com/images/I/41Mv5c-xNlL._AA160_.jpg, http://ecx.images-amazon.com/images/I/41Mv5c-xNlL.jpg, http://ecx.images-amazon.com/images/I/513EFCROkdL.jpg, http://ecx.images-amazon.com/images/I/51d7B4cUDBL.jpg, http://ecx.images-amazon.com/images/I/51fD8K67yLL.jpg, http://ecx.images-amazon.com/images/I/51Fzi%2BiSY9L.jpg, http://ecx.images-amazon.com/images/I/41Gtchg7mfL.jpg",7,"1500x1185,1500x1185,1500x1185,1500x1185,1500x1185,1500x1185,1500x1185"
1141375,"""L'Oreal"" Skin Expertise Collagen Moisture Filler Day/Night Cream, 1.7oz",Walmart-US,9.98,9.98,0,0,"In Stock",,http://www.walmart.com/ip/Skin-Expertise-Collagen-Moisture-Filler-Day-Night-Cream-1.7oz/12444104,L'Oreal,"Skin Care",Moisturizers,,,,50,,"3rd Mar 2015 02:23:04",,4.5,41,http://i5.walmartimages.com/dfw/dce07b8c-1975/k2-_36de3716-6f93-4d9c-88bf-f78007759510.v1.jpg,1,450x450
1141376,"RevitaLift Triple Power Deep-Acting Moisturizer - L'Oreal Paris",LorealParisusa-US,24.99,24.99,0,0,"In Stock",,http://www.lorealparisusa.com/en/Products/Skin-Care/Moisturizers/RevitaLift-Triple-Power-Deep-Acting-Moisturizer.aspx,L'Oreal,"Skin Care",Moisturizers,,,,,,"4th Mar 2015 06:00:18",,4.63,293,"http://www.lorealparisusa.com/~/media/Images/LOP/Home/Products/Skin-Care/Moisturizers/RevitaLift-Triple-Power-Deep-Acting-Moisturizer/Triple-Power-Deep-Acting-Moisturizer/SK3_25_pack-shot.jpg, http://www.lorealparisusa.com/~/media/Images/LOP/Home/Products/Skin-Care/Moisturizers/RevitaLift-Triple-Power-Deep-Acting-Moisturizer/Triple-Power-Deep-Acting-Moisturizer/SK3_25_pack-shot.jpg , http://www.lorealparisusa.com/~/media/Images/LOP/Home/Products/Skin-Care/Moisturizers/RevitaLift-Triple-Power-Deep-Acting-Moisturizer/Triple-Power-Deep-Acting-Moisturizer/SK3_25_pack-shot_2.jpg",3,"300x300,300x300,300x300"
1141376,"L'Oreal Paris RevitaLift Triple Power Deep-Acting Moisturizer, 1.7 Fluid Ounce",Amazon-US,19.99,19.97,0.1,0,"In Stock",,http://www.amazon.com/LOreal-Paris-RevitaLift-Deep-Acting-Moisturizer/dp/B008EKY8VK,L'Oreal,"Skin Care",Moisturizers,,,,,,"4th Mar 2015 05:00:44","1.7 oz.",3.9,116,"http://ecx.images-amazon.com/images/I/4186sHQDl1L._SL190_SY246_CR0, 0, 190, 246_.jpg, http://ecx.images-amazon.com/images/I/4186sHQDl1L.jpg, http://ecx.images-amazon.com/images/I/41byxniePUL.jpg, http://ecx.images-amazon.com/images/I/51iUBdabVFL.jpg, http://ecx.images-amazon.com/images/I/51Nz%2BR6lxUL.jpg, http://ecx.images-amazon.com/images/I/51B11cAWVZL.jpg, http://ecx.images-amazon.com/images/I/41jg9t6JAPL.jpg",7,"1500x1342,1500x1342,1500x1342,1500x1342,1500x1342,1500x1342,1500x1342"
1141376,"L'Oreal Revitalift Triple Power Deep-Acting Moisurizer, Anti-Aging products from Face, Skin Care",CVS-US,25.49,25.49,0,0,"In Stock",,http://www.cvs.com/shop/skin-care/face/anti-aging/l-oreal-revitalift-triple-power-deep-acting-moisurizer-skuid-885864,L'Oreal,"Skin Care",Moisturizers,,,,"FREE Shipping Eligible",,"4th Mar 2015 01:40:11","1.7 OZ",4.6,,http://www.cvs.com/bizcontent/merchandising/productimages/small/7124922791.jpg,1,146x224
1141376,"""Revitalift Micro Repair"" L'Oreal Paris Revitalift Triple Power Deep-Acting Moisturizer, 1.7 oz",Walmart-US,19.97,19.97,0,0,"In Stock",,http://www.walmart.com/ip/L-Oreal-Paris-Revitalift-Triple-Power-Deep-Acting-Moisturizer-1.7-oz/21062555,L'Oreal,"Skin Care",Moisturizers,,,,50,,"3rd Mar 2015 01:58:42",,4.5,311,http://i5.walmartimages.com/dfw/dce07b8c-c904/k2-_8381dcab-cdee-4f7d-96a7-e6b055366d78.v1.jpg,1,450x450
1141377,"Ideal Moisture™ Dry Skin Day Lotion SPF 25 - Moisturizers By L'Oreal Paris",LorealParisusa-US,6.99,6.99,0,0,"In Stock",,http://www.lorealparisusa.com/en/Products/Skin-Care/Moisturizers/Ideal-Moisture-Dry-Skin-Day-Lotion-SPF-25.aspx,L'Oreal,"Skin Care",Moisturizers,,,,,,"4th Mar 2015 01:56:15",,4.5,4,"http://www.lorealparisusa.com/~/media/Images/LOP/Home/Products/Skin-Care/Moisturizers/Ideal-Moisture-Dry-Skin-Day-Lotion-SPF-25/Dry-Skin-Day-Lotion-SPF-25/SK28_3_pack-shot.jpg, http://www.lorealparisusa.com/~/media/Images/LOP/Home/Products/Skin-Care/Moisturizers/Ideal-Moisture-Dry-Skin-Day-Lotion-SPF-25/Dry-Skin-Day-Lotion-SPF-25/SK28_3_pack-shot.jpg",2,"300x300,300x300"
1141377,"L'Oreal Paris Ideal Moisture Day Lotion SPF 25, Dry Skin, 4.0 Fluid Ounce",Amazon-US,6.29,5.59,11.13,0,"In Stock",,http://www.amazon.com/LOreal-Paris-Ideal-Moisture-Lotion/dp/B00AYDN0JG,L'Oreal,"Skin Care",Moisturizers,,,,,,"4th Mar 2015 05:01:35","4.0 oz.",4.4,14,"http://ecx.images-amazon.com/images/I/41qB3ld4pnL._SL246_SX190_CR0, 0, 190, 246_.jpg, http://ecx.images-amazon.com/images/I/41qB3ld4pnL.jpg, http://ecx.images-amazon.com/images/I/41IT7kqUBUL.jpg, http://ecx.images-amazon.com/images/I/517dzsbw58L.jpg, http://ecx.images-amazon.com/images/I/411QyOf-nkL.jpg, http://ecx.images-amazon.com/images/I/51TnhE8F7qL.jpg, http://ecx.images-amazon.com/images/I/41C6PwlCx2L.jpg, http://ecx.images-amazon.com/images/I/41DlPo%2BwnBL.jpg",8,"678x1500,678x1500,678x1500,678x1500,678x1500,678x1500,678x1500,678x1500"
1141377,"""L'Oreal"" L'Oreal Paris Ideal Moisture Dry Skin Sunscreen Lotion, SPF 25, 4 fl oz",Walmart-US,6.97,6.97,0,0,"In Stock",,http://www.walmart.com/ip/L-Oreal-Paris-Ideal-Moisture-Dry-Skin-Sunscreen-Lotion-SPF-25-4-fl-oz/22218740,L'Oreal,"Skin Care",Moisturizers,,,,50,,"3rd Mar 2015 01:58:38",,4.5,10,http://i5.walmartimages.com/dfw/dce07b8c-1651/k2-_74fb3c82-4f0a-4372-a7ac-7974c457a0ec.v1.jpg,1,450x450
1141377,"L'Oreal Ideal Moisture 48 HR Hydration Dry Skin Day Lotion, Body Moisturizer products from Body, Skin Care",CVS-US,6.99,6.99,0,0,"In Stock",,http://www.cvs.com/shop/skin-care/body/body-moisturizer/l-oreal-ideal-moisture-48-hr-hydration-dry-skin-day-lotion-skuid-908901,L'Oreal,"Skin Care",Moisturizers,,,,"FREE Shipping Eligible",,"4th Mar 2015 01:39:32","4 OZ",0.0,,http://www.cvs.com/bizcontent/merchandising/productimages/small/7124923982.jpg,1,224x224
1141378,"Youth Code™ Texture Perfector Day/Night Cream - Moisturizers By L'Oreal Paris",LorealParisusa-US,24.99,24.99,0,0,"In Stock",,http://www.lorealparisusa.com/en/Products/Skin-Care/Moisturizers/Youth-Code-Texture-Perfector-Day-Night-Cream.aspx,L'Oreal,"Skin Care",Moisturizers,,,,,,"4th Mar 2015 02:00:50",,4.45,20,"http://www.lorealparisusa.com/~/media/Images/LOP/Home/Products/Skin-Care/Moisturizers/Youth-Code-Texture-Perfector-Cream/Texture-Perfector-Cream/SK25_12_pack-shot.jpg, http://www.lorealparisusa.com/~/media/Images/LOP/Home/Products/Skin-Care/Moisturizers/Youth-Code-Texture-Perfector-Cream/Texture-Perfector-Cream/SK25_12_pack-shot.jpg",2,"300x300,300x300"
1141378,"L'Oreal Youth Code Texture Perfector Day/Night Cream, Face Moisturizer products from Face, Skin Care",CVS-US,24.99,24.99,0,0,"In Stock",,http://www.cvs.com/shop/skin-care/face/face-moisturizer/l-oreal-youth-code-texture-perfector-day-night-cream-skuid-930082,L'Oreal,"Skin Care",Moisturizers,,,,"FREE Shipping Eligible",,"4th Mar 2015 01:39:04","1.7 OZ",0.0,,http://www.cvs.com/bizcontent/merchandising/productimages/small/7124923916.jpg,1,224x224
1141378,"""L'Oreal Paris"" L'Oreal Paris Youth Code Texture Perfector Day/Night Cream, 1.7 oz",Walmart-US,19.97,19.97,0,0,"In Stock",,http://www.walmart.com/ip/L-Oreal-Paris-Youth-Code-Texture-Perfector-Day-Night-Cream-1.7-oz/26832227,L'Oreal,"Skin Care",Moisturizers,,,,50,,"3rd Mar 2015 01:58:07",,4.5,1792,http://i.walmartimages.com/i/p/00/07/12/49/23/0007124923916_180X180.jpg,1,450x450
1141379,"RevitaLift ® Triple Power™ Intensive Overnight Mask - Moisturizers By L'Oreal Paris",LorealParisusa-US,24.99,24.99,0,0,"In Stock",,http://www.lorealparisusa.com/en/Products/Skin-Care/Moisturizers/RevitaLift-Triple-Power-Intensive-Overnight-Mask.aspx,L'Oreal,"Skin Care",Moisturizers,,,,,,"4th Mar 2015 01:56:56",,3.92,12,"http://www.lorealparisusa.com/~/media/Images/LOP/Home/Products/Skin-Care/Moisturizers/RevitaLift-Triple-Power-Night-Cream/Triple-Power-Night-Cream/SK3_30_pack-shot.jpg, http://www.lorealparisusa.com/~/media/Images/LOP/Home/Products/Skin-Care/Moisturizers/RevitaLift-Triple-Power-Night-Cream/Triple-Power-Night-Cream/SK3_30_pack-shot.jpg",2,"300x300,300x300"
1141379,"L'Oreal Revitalift Triple Power Intensive Overnight Mask, Masks & Strips products from Face, Skin Care",CVS-US,25.49,25.49,0,0,"In Stock",,http://www.cvs.com/shop/skin-care/face/masks-strips/l-oreal-revitalift-triple-power-intensive-overnight-mask-skuid-949445,L'Oreal,"Skin Care",Moisturizers,,,,"FREE Shipping Eligible",,"4th Mar 2015 01:38:53","1.7 OZ",0.0,,http://www.cvs.com/bizcontent/merchandising/productimages/small/7124924073.jpg,1,224x224
1141379,"""L'Oreal Paris"" L'Oreal Paris Revitalift Triple Power Intensive Overnight Mask, 1.7 oz",Walmart-US,19.97,19.97,0,0,"In Stock",,http://www.walmart.com/ip/L-Oreal-Paris-Revitalift-Triple-Power-Intensive-Overnight-Mask-1.7-oz/34208870,L'Oreal,"Skin Care",Moisturizers,,,,50,,"3rd Mar 2015 01:58:49",,3.5,10,http://i5.walmartimages.com/dfw/dce07b8c-5eb7/k2-_c5e71d23-08c9-4a34-b56c-d4bb05641d50.v2.jpg,1,450x450
1141380,"Collagen Filler Collagen Moisture Filler Day Lotion - With SPF - L'Oreal Paris",LorealParisusa-US,11.49,11.49,0,0,"In Stock",,http://www.lorealparisusa.com/en/Products/Skin-Care/Moisturizers/Collagen-Filler-Collagen-Moisture-Filler-Day-Lotion.aspx,L'Oreal,"Skin Care",Moisturizers,,,,,,"4th Mar 2015 01:59:09",,3.5,10,"http://www.lorealparisusa.com/~/media/Images/LOP/Home/Products/Skin-Care/Moisturizers/Collagen-Filler-Collagen-Moisture-Filler-Day-Lotion/Collagen-Moisture-Filler-Day-Lotion/SK23_9_pack-shot.jpg, http://www.lorealparisusa.com/~/media/Images/LOP/Home/Products/Skin-Care/Moisturizers/Collagen-Filler-Collagen-Moisture-Filler-Day-Lotion/Collagen-Moisture-Filler-Day-Lotion/SK23_9_pack-shot.jpg",2,"300x300,300x300"
1141380,"L'Oreal Collagen Moisture Filler Day Lotion, Anti-Aging products from Face, Skin Care",CVS-US,17.49,17.49,0,0,"In Stock",,http://www.cvs.com/shop/skin-care/face/anti-aging/l-oreal-collagen-moisture-filler-day-lotion-skuid-696667,L'Oreal,"Skin Care",Moisturizers,,,,"FREE Shipping Eligible",,"4th Mar 2015 01:39:56","2 OZ",5.0,,http://www.cvs.com/bizcontent/merchandising/productimages/small/7124915139.jpg,1,105x224
1141380,"""L'Oreal Paris"" L'Oreal Paris Collagen Moisture Filler Day Lotion Sunscreen, SPF 15, 2 fl oz",Walmart-US,9.97,9.97,0,0,"In Stock",,http://www.walmart.com/ip/L-Oreal-Paris-Collagen-Moisture-Filler-Day-Lotion-Sunscreen-SPF-15-2-fl-oz/24415159,L'Oreal,"Skin Care",Moisturizers,,,,50,,"3rd Mar 2015 06:01:51",,3.5,13,http://i.walmartimages.com/i/p/00/07/12/49/23/0007124923292_180X180.jpg,1,450x450
1141380,"L'Oreal Paris Collagen Moisture Filler Day Lotion, 2.0 Fluid Ounce",Amazon-US,9.99,9.97,0.2,0,"In Stock",,http://www.amazon.com/LOreal-Paris-Collagen-Moisture-Filler/dp/B00C93O4M6,L'Oreal,"Skin Care",Moisturizers,,,,,,"4th Mar 2015 05:01:28","2.0 oz.",3.9,33,"http://ecx.images-amazon.com/images/I/31v5ZmDcG1L._SL246_SX190_CR0, 0, 190, 246_.jpg, http://ecx.images-amazon.com/images/I/31v5ZmDcG1L.jpg, http://ecx.images-amazon.com/images/I/41IR%2Bcr1foL.jpg, http://ecx.images-amazon.com/images/I/51LKxROzAfL.jpg, http://ecx.images-amazon.com/images/I/41m1oipr3RL.jpg, http://ecx.images-amazon.com/images/I/41ded%2BdJXLL.jpg, http://ecx.images-amazon.com/images/I/316zNFWU1mL.jpg",7,190x246
1141381,"Age Perfect Hydra-Nutrition Golden Balm Face, Neck & Chest - L'Oreal Paris",LorealParisusa-US,19.99,19.99,0,0,"In Stock",,http://www.lorealparisusa.com/en/Products/Skin-Care/Moisturizers/Age-Perfect-Hydra-Nutrition-Golden-Balm-Face-Neck-Chest.aspx,L'Oreal,"Skin Care",Moisturizers,,,,,,"4th Mar 2015 06:02:40",,3.92,40,"http://www.lorealparisusa.com/~/media/Images/LOP/Home/Products/Skin-Care/Moisturizers/Age-Perfect-Hydra-Nutrition-Golden-Balm-Face-Neck-Chest/Hydra-Nutrition-Golden-Balm-Face-Neck-Chest/SK4_10_pack-shot.jpg, http://www.lorealparisusa.com/~/media/Images/LOP/Home/Products/Skin-Care/Moisturizers/Age-Perfect-Hydra-Nutrition-Golden-Balm-Face-Neck-Chest/Hydra-Nutrition-Golden-Balm-Face-Neck-Chest/SK4_10_pack-shot.jpg",2,"300x300,300x300"
1141381,"Here's how L'Oreal Paris Age Perfect Hydra-Nutrition Golden Balm Face, Neck & Chest, 1.7 Fluid Ounce",Amazon-US,13.99,13.99,0,0,"In Stock",,http://www.amazon.com/LOreal-Paris-Perfect-Hydra-Nutrition-Golden/dp/B00NQ2TWFI,L'Oreal,"Skin Care",Moisturizers,,,,,,"4th Mar 2015 05:00:30","1.7 oz.",,,"http://ecx.images-amazon.com/images/I/51kgCRIMCJL._SL246_SX190_CR0, 0, 190, 246_.jpg, http://ecx.images-amazon.com/images/I/51kgCRIMCJL._SX38_SY50_CR, 0, 0, 38, 50_.jpg, http://ecx.images-amazon.com/images/I/51CDLCYKD-L._SX38_SY50_CR, 0, 0, 38, 50_.jpg, http://ecx.images-amazon.com/images/I/51PSlchrFtL._SX38_SY50_CR, 0, 0, 38, 50_.jpg, http://ecx.images-amazon.com/images/I/51PHVkU48GL._SX38_SY50_CR, 0, 0, 38, 50_.jpg, http://ecx.images-amazon.com/images/I/31bKouYelyL._SX38_SY50_CR, 0, 0, 38, 50_.jpg, http://ecx.images-amazon.com/images/I/51m5D8vBVgL._SX38_SY50_CR, 0, 0, 38, 50_.jpg",7,"1059x1500,1059x1500,1059x1500,1059x1500,1059x1500,1059x1500,1059x1500,1059x1500,1059x1500,1059x1500,1059x1500,1059x1500,1059x1500,1059x1500,1059x1500,1059x1500,1059x1500,1059x1500,1059x1500,1059x1500,1059x1500,1059x1500,1059x1500,1059x1500,1059x1500,1059x1500,1059x1500,1059x1500,1059x1500,1059x1500,1059x1500"
1141381,"""L'Oreal"" L'Oreal Paris Age Perfect Hydra-Nutrition Golden Balm Face, Neck & Chest Moisturizer, 1.7 oz",Walmart-US,17.97,17.97,0,0,"In Stock",,http://www.walmart.com/ip/L-Oreal-Paris-Age-Perfect-Hydra-Nutrition-Golden-Balm-Face-Neck-Chest-Moisturizer-1.7-oz/16641612,L'Oreal,"Skin Care",Moisturizers,,,,50,,"3rd Mar 2015 01:59:31",,4.0,75,http://i5.walmartimages.com/dfw/dce07b8c-e31c/k2-_69ea4fb2-7b4a-4dd8-8d21-bade01ba25d0.v1.jpg,1,450x450
1141381,"L'Oreal Age Perfect Hydra-Nutrition Redensifying Comfort Moisturizer, Anti-Aging products from Face, Skin Care",CVS-US,20.99,20.99,0,0,"In Stock",,http://www.cvs.com/shop/skin-care/face/anti-aging/l-oreal-age-perfect-hydra-nutrition-redensifying-comfort-moisturizer-skuid-850546,L'Oreal,"Skin Care",Moisturizers,,,,"FREE Shipping Eligible",,"4th Mar 2015 01:40:02","1.7 OZ",5.0,,http://www.cvs.com/bizcontent/merchandising/productimages/small/7124920966.jpg,1,219x224
1141382,"RevitaLift Triple Power Eye Treatment - Eye Lift - L'Oreal Paris",LorealParisusa-US,24.99,24.99,0,0,"In Stock",,http://www.lorealparisusa.com/en/Products/Skin-Care/Moisturizers/RevitaLift-Triple-Power-Eye-Treatment.aspx,L'Oreal,"Skin Care",Moisturizers,,,,,,"4th Mar 2015 01:56:50",,3.7,10,"http://www.lorealparisusa.com/~/media/Images/LOP/Home/Products/Skin-Care/Moisturizers/RevitaLift-Triple-Power-Eye-Treatment/Triple-Power-Eye-Treatment/SK3_26_pack-shot.jpg, http://www.lorealparisusa.com/~/media/Images/LOP/Home/Products/Skin-Care/Moisturizers/RevitaLift-Triple-Power-Eye-Treatment/Triple-Power-Eye-Treatment/SK3_26_pack-shot.jpg , http://www.lorealparisusa.com/~/media/Images/LOP/Home/Products/Skin-Care/Moisturizers/RevitaLift-Triple-Power-Eye-Treatment/Triple-Power-Eye-Treatment/SK3_26_pack-shot_2.jpg",3,"300x300,300x300,300x300"
1141382,"L'Oreal Revitalift Triple Power Eye Treatment, Wrinkles products from Eyes, Skin Care",CVS-US,25.49,25.49,0,0,"In Stock",,http://www.cvs.com/shop/skin-care/eyes/wrinkles/l-oreal-revitalift-triple-power-eye-treatment-skuid-885861,L'Oreal,"Skin Care",Moisturizers,,,,"FREE Shipping Eligible",,"4th Mar 2015 01:40:17",".5 OZ",3.9,,http://www.cvs.com/bizcontent/merchandising/productimages/small/7124922792.jpg,1,86x224
1141382,"""Revitalift Micro Repair"" L'Oreal Paris Revitalift Triple Power Eye Treatment, .5 fl oz",Walmart-US,19.97,19.97,0,0,"In Stock",,http://www.walmart.com/ip/L-Oreal-Paris-Revitalift-Triple-Power-Eye-Treatment-.5-fl-oz/21062554,L'Oreal,"Skin Care",Moisturizers,,,,50,,"3rd Mar 2015 01:57:57",,4.0,16,http://i5.walmartimages.com/dfw/dce07b8c-c708/k2-_d7584376-c8a7-44bd-88d0-5bceb8d45d7f.v1.jpg,1,450x450
1141383,"Ideal Moisture™ Even Skin Tone All Skin Types Day/Night cream - Moisturizers By L'Oreal Paris",LorealParisusa-US,6.99,6.99,0,0,"In Stock",,http://www.lorealparisusa.com/en/Products/Skin-Care/Moisturizers/Ideal-Moisture-Even-Tone-All-Skin-Types-Day-Night-cream.aspx,L'Oreal,"Skin Care",Moisturizers,,,,,,"4th Mar 2015 01:58:57",,3.25,8,"http://www.lorealparisusa.com/~/media/Images/LOP/Home/Products/Skin-Care/Moisturizers/Ideal-Moisture-Even-Tone-All-Skin-Types-Day-Night-cream/Even-Tone-All-Skin-Types-Day-Night-cream/SK28_4_pack-shot.jpg, http://www.lorealparisusa.com/~/media/Images/LOP/Home/Products/Skin-Care/Moisturizers/Ideal-Moisture-Even-Tone-All-Skin-Types-Day-Night-cream/Even-Tone-All-Skin-Types-Day-Night-cream/SK28_4_pack-shot.jpg",2,"300x300,300x300"
1141383,"L'Oreal Ideal Moisture Even Skin Tone Day/Night Cream for All Skin Types, Dark Spots products from Face, Skin Care",CVS-US,7.49,7.49,0,0,"In Stock",,http://www.cvs.com/shop/skin-care/face/dark-spots/l-oreal-ideal-moisture-even-skin-tone-day-night-cream-for-all-skin-types-skuid-908899,L'Oreal,"Skin Care",Moisturizers,,,,"FREE Shipping Eligible",,"4th Mar 2015 01:38:50","1.7 OZ",3.0,,http://www.cvs.com/bizcontent/merchandising/productimages/small/7124923985.jpg,1,224x224
1141383,"L'Oreal Paris Ideal Moisture Even Skin Tone Day/Night Cream, All Skin Types, 1.7 Fluid Ounce",Amazon-US,6.29,5.59,11.13,0,"In Stock",,http://www.amazon.com/LOreal-Paris-Ideal-Moisture-Night/dp/B00AYWN8OY,L'Oreal,"Skin Care",Moisturizers,,,,,,"4th Mar 2015 05:03:18","1.7 oz.",3.9,33,"http://ecx.images-amazon.com/images/I/71TqhQe5LYL._SL1500_.jpg, http://ecx.images-amazon.com/images/I/41KFwZpbVWL.jpg, http://ecx.images-amazon.com/images/I/41SmiMN7mvL.jpg, http://ecx.images-amazon.com/images/I/51FRLqeTJtL.jpg, http://ecx.images-amazon.com/images/I/51m5LHCKyAL.jpg, http://ecx.images-amazon.com/images/I/51Ct8BOjSfL.jpg",6,"1014x1500,1014x1500,1014x1500,1014x1500,1014x1500,1014x1500"
1141383,"""L'Oreal"" L'Oreal Paris Ideal Moisture Even Skin Tone Day Cream Day/Night Cream, 1.7 oz",Walmart-US,6.97,6.97,0,0,"In Stock",,http://www.walmart.com/ip/L-Oreal-Paris-Ideal-Moisture-Even-Skin-Tone-Day-Cream-Day-Night-Cream-1.7-oz/22218745,L'Oreal,"Skin Care",Moisturizers,,,,50,,"3rd Mar 2015 02:05:40",,4.0,21,http://i5.walmartimages.com/dfw/dce07b8c-9880/k2-_b8c8fc52-09e6-4242-8488-6c390ecb2dd6.v1.jpg,1,450x450
1141384,"RevitaLift Anti-Wrinkle + Firming SPF 30 Day Lotion - L'Oreal Paris",LorealParisusa-US,17.99,17.99,0,0,"In Stock",,http://www.lorealparisusa.com/en/Products/Skin-Care/Moisturizers/RevitaLift-Anti-Wrinkle-Firming-SPF-30-Day-Lotion.aspx,L'Oreal,"Skin Care",Moisturizers,,,,,,"4th Mar 2015 06:00:22",,2.45,11,"http://www.lorealparisusa.com/~/media/Images/LOP/Home/Products/Skin-Care/Moisturizers/RevitaLift-Anti-Wrinkle-Firming-SPF-30-Day-Lotion/Anti-Wrinkle-Firming-SPF-30-Day-Lotion/SK3_19_pack-shot.jpg, http://www.lorealparisusa.com/~/media/Images/LOP/Home/Products/Skin-Care/Moisturizers/RevitaLift-Anti-Wrinkle-Firming-SPF-30-Day-Lotion/Anti-Wrinkle-Firming-SPF-30-Day-Lotion/SK3_19_pack-shot.jpg",2,"300x300,300x300"
1141384,"L'Oreal Revitalift Anti-Wrinkle & Firming Moisturizer SPF 30, Anti-Aging products from Face, Skin Care",CVS-US,17.79,17.79,0,0,"In Stock",,http://www.cvs.com/shop/skin-care/face/anti-aging/l-oreal-revitalift-anti-wrinkle-firming-moisturizer-spf-30-skuid-803687,L'Oreal,"Skin Care",Moisturizers,,,,"FREE Shipping Eligible",,"4th Mar 2015 01:39:16","1.6 OZ",4.5,,http://www.cvs.com/bizcontent/merchandising/productimages/small/7124917862.jpg,1,115x224
1141384,"L'Oreal Paris RevitaLift Anti-Wrinkle + Firming SPF 30 Day Lotion, 1.7 Fluid Ounce",Amazon-US,13.99,13.97,0.14,0,"In Stock",,http://www.amazon.com/LOreal-Paris-RevitaLift-Anti-Wrinkle-Firming/dp/B003A8EKTG,L'Oreal,"Skin Care",Moisturizers,,,,,,"4th Mar 2015 05:02:34","1.7 oz.",4.1,42,"http://ecx.images-amazon.com/images/I/31YUwc4B4NL._SL246_SX190_CR0, 0, 190, 246_.jpg, http://ecx.images-amazon.com/images/I/31YUwc4B4NL.jpg, http://ecx.images-amazon.com/images/I/41mV20-p3zL.jpg, http://ecx.images-amazon.com/images/I/51T0m2R6GiL.jpg, http://ecx.images-amazon.com/images/I/31dqxasYVSL.jpg, http://ecx.images-amazon.com/images/I/41faFLcwasL.jpg, http://ecx.images-amazon.com/images/I/31tZAI36Z5L.jpg",7,"417x1500,417x1500,417x1500,417x1500,417x1500,417x1500,417x1500"
1141384,"""L'Oreal"" L'Oreal Revitalift Complete Day Lotion Spf 30",Walmart-US,13.97,13.97,0,0,"In Stock",,http://www.walmart.com/ip/L-Oreal-Revitalift-Complete-Day-Lotion-Spf-30/14869271,L'Oreal,"Skin Care",Moisturizers,,,,50,,"3rd Mar 2015 01:58:26",,2.5,22,http://i5.walmartimages.com/dfw/dce07b8c-151c/k2-_94806f4e-9923-46fb-ae4d-58e888dc6d23.v1.jpg,1,450x450
1141385,"Age Perfect ® Cell Renewal* Day Cream SPF 15 - Moisturizers By L'Oreal Paris",LorealParisusa-US,24.99,24.99,0,0,"In Stock",,http://www.lorealparisusa.com/en/Products/Skin-Care/Moisturizers/Age-Perfect-Cell-Renewal-Day-Cream-SPF-15.aspx,L'Oreal,"Skin Care",Moisturizers,,,,,,"4th Mar 2015 01:55:24",,4.35,71,"http://www.lorealparisusa.com/~/media/Images/LOP/Home/Products/Skin-Care/Moisturizers/Age-Perfect-Cell-Renewal-Day-SPF-15-Cream/Day-SPF-15-Cream/SK4_16_pack-shot.jpg, http://www.lorealparisusa.com/~/media/Images/LOP/Home/Products/Skin-Care/Moisturizers/Age-Perfect-Cell-Renewal-Day-SPF-15-Cream/Day-SPF-15-Cream/SK4_16_pack-shot.jpg",2,"300x300,300x300"
1141385,"L'Oreal Age Perfect Cell Renewal Moisturizing Day Cream, SPF 15, Face Moisturizer products from Face, Skin Care",CVS-US,24.99,24.99,0,0,"In Stock",,http://www.cvs.com/shop/skin-care/face/face-moisturizer/l-oreal-age-perfect-cell-renewal-moisturizing-day-cream-spf-15-skuid-970471,L'Oreal,"Skin Care",Moisturizers,,,,"FREE Shipping Eligible",,"4th Mar 2015 01:40:23","1.7 OZ",0.0,,http://www.cvs.com/bizcontent/merchandising/productimages/small/7124927934.jpg,1,224x224
1141385,"L'Oreal Paris Age Perfect Cell Renewal Day SPF 15 Cream, 1.7 Ounce",Amazon-US,19.99,15.99,20.01,-24.89,"In Stock",,http://www.amazon.com/LOreal-Paris-Day-Cream-1-7/dp/B00LWFOD00,L'Oreal,"Skin Care",Moisturizers,,,,,,"4th Mar 2015 05:02:48","1 Oz (2 Pack)",4.2,12,"http://ecx.images-amazon.com/images/I/414CPVms98L._SL190_SY246_CR0, 0, 190, 246_.jpg, http://ecx.images-amazon.com/images/I/414CPVms98L.jpg, http://ecx.images-amazon.com/images/I/51RUpuWifmL.jpg, http://ecx.images-amazon.com/images/I/61sVZHguKsL.jpg, http://ecx.images-amazon.com/images/I/41DfQc5snJL.jpg, http://ecx.images-amazon.com/images/I/51qXHapyINL.jpg, http://ecx.images-amazon.com/images/I/51EiUEU-d5L.jpg",7,"1500x1220,1500x1220,1500x1220,1500x1220,1500x1220,1500x1220,1500x1220"
1141385,"""L'Oreal Paris"" L'Oreal Paris Age Perfect Cell Renewal Day Cream Moisturizer, 1.7 fl oz",Walmart-US,19.97,19.97,0,0,"In Stock",,http://www.walmart.com/ip/L-Oreal-Paris-Age-Perfect-Cell-Renewal-Day-Cream-Moisturizer-1.7-fl-oz/38102599,L'Oreal,"Skin Care",Moisturizers,,,,50,,"3rd Mar 2015 01:58:58",,4.5,65,http://i5.walmartimages.com/dfw/dce07b8c-f53b/k2-_076208c4-e69c-4240-8baa-93571ee77d08.v1.jpg,1,450x450
1141386,"RevitaLift Triple Power SPF 30 Day Lotion - Anti-Wrinkle - L'Oreal Paris",LorealParisusa-US,24.99,24.99,0,0,"In Stock",,http://www.lorealparisusa.com/en/Products/Skin-Care/Moisturizers/RevitaLift-Triple-Power-SPF-30-Day-Lotion.aspx,L'Oreal,"Skin Care",Moisturizers,,,,,,"4th Mar 2015 06:02:44",,4.6,5,"http://www.lorealparisusa.com/~/media/Images/LOP/Home/Products/Skin-Care/Moisturizers/RevitaLift-Triple-Power-SPF-30-Day-Lotion/Triple-Power-SPF-30-Day-Lotion/SK3_27_pack-shot.jpg, http://www.lorealparisusa.com/~/media/Images/LOP/Home/Products/Skin-Care/Moisturizers/RevitaLift-Triple-Power-SPF-30-Day-Lotion/Triple-Power-SPF-30-Day-Lotion/SK3_27_pack-shot.jpg",2,"300x300,300x300"
1141386,"L'Oreal Revitalift Triple Power Day Lotion, SPF 30, Anti-Aging products from Face, Skin Care",CVS-US,25.49,25.49,0,0,"In Stock",,http://www.cvs.com/shop/skin-care/face/anti-aging/l-oreal-revitalift-triple-power-day-lotion-spf-30-skuid-907427,L'Oreal,"Skin Care",Moisturizers,,,,"FREE Shipping Eligible",,"4th Mar 2015 01:39:34","1.7 OZ",4.3,,http://www.cvs.com/bizcontent/merchandising/productimages/small/7124924082.jpg,1,224x224
1141386,"""L'Oreal"" L'Oreal Paris Revitalift Triple Power Sunscreen Lotion, SPF 30, 1.7 fl oz",Walmart-US,19.97,19.97,0,0,"In Stock",,http://www.walmart.com/ip/L-Oreal-Paris-Revitalift-Triple-Power-Sunscreen-Lotion-SPF-30-1.7-fl-oz/22218761,L'Oreal,"Skin Care",Moisturizers,,,,50,,"3rd Mar 2015 01:58:10",,4.0,7,http://i5.walmartimages.com/dfw/dce07b8c-37af/k2-_a2cde1a5-c6cb-412d-a1ce-f71f7e5b232c.v1.jpg,1,450x450
